rating,comment,time,votes
5,不用看完，直接五星。有生之年，下饭良剧，没有一秒的废话，反鸡汤系列，请再黑暗一点，压抑一点吧！心脏而已，拿去吧！,2017/4/2 23:02,2488
5,当年巨人凭借着机甲般的巨人设定，蜘蛛侠一样的立体机动、紧凑的剧情、良心的画面、激昂的音乐。一米六的兵长、八块腹肌的三爷、机智的阿明、鬼叫的艾伦……等鲜活的人物设定，一开播便让多少人从此入坑！时隔四年，带着巨人之谜、墙外之人、墙中巨人、地下室以及爸爸去哪了等疑问，终于迎来了第二季。,2017/4/1 22:37,1607
4,上一季居然已经是四年前了，久到我把前面的剧情基本忘得差不多了。,2017/4/4 0:52,1139
5,作为一直等着动画不看漫画的人，真是一秒也不能把眼睛从屏幕上移开……,2017/4/2 10:42,1033
5,第一季的时候我还是大一新生，第二季我已经工作一年了。,2017/4/16 19:01,953
5,进击的巨人作品自带的强烈的带有哲学色彩的悲剧性，以及众多人物无可避免的悲剧和各种团灭，实在是动漫作品中仅见。不努力是悲剧，而努力之后的结果，其实可能是另一场悲剧。而它偏偏还是热血漫。,2017/5/8 3:36,905
5,有趣得不得了，第一集就弄死一个我喜欢的角色，有魄力！而且还爆出了俩秘密，一、墙壁是由巨人组成的（这信息我听到差点没从椅子上滑下去），二、超智能会说话的巨人。果然敌人智能不高，牺牲不惨烈，怎能让故事更有趣的进行下去？干得漂亮。就是不知道下一集有没有新信息，期望不要太走感情线。,2017/4/2 13:11,751
5,看到莱纳跟小天使说我是巨人，他也是巨人，我们一起跑吧，差点笑出皱纹，哈哈哈哈。第二季制作水平依然很高，刚开始展开有点慢，现在渐入佳境。ED非常带感。,2017/5/15 12:01,412
5,虽然早就知道墙里都是巨人，可是当看到真正的肉体在墙里出现的时候，还是，尼玛恶心死我了！新的奇行种，人类产生了新的更深层次的恐惧。巨人都是人类？某种方面来说，是进化？！,2017/4/2 23:13,490
5,最初知道霸权这个名词就是因为进击的巨人。但是在这等待的四年里，卡米亚生了娃，巨人导演新作恶评如潮，巨人原著漫画销量连年下滑（话说第一个好像没啥关系，^o^）。第二季的开播告诉全球动漫迷真·霸权终于回来了。,2017/4/2 7:15,373
5,艾伦可以啊，受了个伤，睡了4年才起来......满分预定，话说为什么才12集？根据漫画的话，第二季完结应该也差不多到艾伦和调查兵团在大森林对战铠之巨人他们了，这么精彩的剧情难道又要等四年吗......,2017/4/2 12:55,300
5,“我是铠之巨人，这家伙是超大型巨人。”救命啊真的在这里笑喷了。,2023/7/30 21:35,235
5,在我梦里 希斯特利亚和尤弥尔早就已经完婚了 就酱,2022/3/30 15:29,211
4,我现在看完了92话漫画，觉得这确实是非常非常好的作品，节奏控制得当、剧情紧凑、气氛逼人，各方面都很优秀，除了画工不好，排线粗糙，它具备很多优秀作品应有的优点，那些恶意诋毁的人明显是理屈词穷，因为它明明有的优点你却强行忽视，不能因为一部作品的粉丝怎么样而去评论作品，客观评分：8.5,2017/4/20 15:26,174
5,长达四年的等待。,2017/4/1 9:29,145
4,兵长打了一季的酱油,2017/6/19 13:07,152
4,同样的配方，燃爆的bgm。飞吧，进击的奇行种！！按一话的惨烈，这节奏估计一集发两个便当都没问题。,2017/4/2 9:17,89
5,人类最大的敌人，始终是人类。,2017/6/21 17:18,98
5,艾伦不要再同情巨人了哦！,2017/4/3 20:55,102
5,因为已经追完漫画，剧情上没有任何神秘感可言，但仍然觉得好看得不得了。感觉特别出类拔萃的原因有二：1. 不消费物化女性迎合特定受众 2. 舍得死人。你喜欢的角色一定会不得好死。大概现实也是如此，乱世之中，没有一个人是可以获得幸福的。,2019/6/26 20:16,56
5,【A+】制作组已经强到让人觉得《巨人》这种制作水准是理所当然的事了。先不说标志性的“立体机动装置”镜头，这一季在文戏上更是下足了功夫，就好像是刻意要去堵当年说《巨人》靠噱头取胜的网友一般。尤其是第六集，那一段揭露真相背叛的气氛铺垫真是绝了。当然，无论多少巨人干仗，多少兵团战斗，这一季最燃的部分仍然是艾尔文团长被巨人咬断手臂仍然高喊“前进”的鬼神形象，《巨人》里最有魅力的一个角色，没有之一。,2019/7/11 21:04,61
4,毕业了。考上了。终于出第二季了。,2017/4/3 15:48,61
5,好磕尤弥尔和希斯托尼亚这组..,2020/12/28 12:47,74
5,“没有历史反映”，“人性单薄”，噗,2017/10/9 10:44,55
4,（８／１０）这一季的主角其实应该算是某对百合吧……两季了，依然木有控上小天使………………,2017/6/21 17:28,41
5,画风分分钟变成伊藤润二,2017/6/24 22:35,31
5,作为动画，从剧情到音乐，各方面都近乎完美。有人说靠吼，难不成跟巨人战斗靠轻言细语吴侬软语窃窃私语。,2017/7/9 20:23,53
5,尤弥尔混沌地流浪了60年，躺在土地上，土地覆盖她又暴露她，最后在沙漠里醒过来，看着满天的星星，被巨大的自由感包围，从此发誓不会再说一句谎话。,2024/5/5 1:26,36
5,兵长戏份太少。不开心,2017/6/18 16:49,30
5,天哪真的太好看了，人物的弧光简直了，每个角色的转折都是神来一笔，表层的“巨人”设定根本只是个幌子，深层探讨的人类价值观、卧底与反叛的纠结、在日常与非日常时期里对绝对力量的渴望……每个角色都对“活着”有多面的解释，每个角色都是如此的如此的珍贵。看完每一集都想要起立给諫山老师行军礼鼓掌。,2021/2/24 18:08,23
4,仍被第四集炸哭，尤弥尔为赫里斯塔挺身而出是怎样一番情意。哭到鼻涕滴到屏幕暂停键上，把视频给暂停了。,2017/5/17 0:26,33
5,每个人都有苦衷，每个人都在欺骗，就这种地狱般的世界，居然还有爱情,2020/5/11 0:36,26
5,第二季真正的主角是尤弥尔吧，几个时刻她都好悲壮。莱纳好可怜……,2021/5/12 22:08,15
4,6.25 下部就该革命了。最后一集居然没亲下去！,2017/6/25 19:56,13
4,仿佛在看盗版《大剑》,2017/6/20 0:59,8
5,为了高潮其实破坏了漫画的节奏，不过剧情上是比漫画要顺多了。。狗日的我就不信漫画100卷能完工,2017/6/19 0:48,15
5,由彌爾和赫里斯塔這感天動地的愛情啊！這一對最後的分別居然是一眼萬年天人永隔了，無比唏噓。巨人這個系列最吸引人的一點，就是無論是什麼身分的人，擁有何種能力或地位，視什麼人為仇敵，懷有怎麼樣的報負，是否抗爭堅持信念，是否拼盡一切，是否有深愛之人，只要在這世上，都逃不開巨大的絕望和漆黑的悲劇陰影。,2019/5/30 16:29,9
4,无论是情节还是动作场面，震撼度都不如第一季。故事的推进建立在反转上，从人物的反转再到临近结尾的设定反转，几乎颠覆了世界观。真正的敌人，并非巨人。善与恶的界限开始模糊。,2023/2/13 15:41,9
5,尤弥尔那段回忆是目前看完整个第一第二季最震撼我的地方，当走过60年漫无意识的流浪和沉睡，在极光下重新睁开眼睛的时候，呈现在眼前的是无边的自由。you will know you are reborn tonight.,2023/11/23 2:29,29
4,时间线有些错乱，百合有点占篇幅，兵长出场太少，又抛出一个巨人和人类其实同种的课题，又救了艾伦一遍，又死了好多人，艾伦又有了新技能...就不知道所谓“艾伦是最不适合成为坐标的人”是什么意思，希望后面对这些巨人和城墙教非得锯嘴葫芦什么也不说能有合理的解释。,2018/4/19 12:51,16
5,虽然大家成熟了而男主还是很幼稚，但是眼见一个个曾以为是bug的坑被填得天衣无缝之余，还能刨出一个个新坑把人间挫得恐怖且丑恶，实在叹服。他们血洗沙场，将士与巨人都有了惨情，然而比天灾更叫人绝望的，只能是人祸。动画世界再残酷也有希望，那里人祸不会被灾祸遮蔽，雨过会有天晴，而那些祸国殃民的蛆虫，终究会被惩戒与清理。,2020/2/17 13:00,10
5,莱纳莫名其妙突然自曝真是神来之笔，就像狼人杀里某人想快点结束游戏回家睡觉，不光自曝狼人，还指认其他狼！我只能说作者要么真任性，要么真神经，让我看的好爽。,2018/9/8 0:55,18
5,真的是开场就好绝望。,2017/4/13 22:24,19
4,很明显的过渡季，一个故事12集完美做到了承上启下（苛刻点会觉得中间略显疲软），继续感慨巨人真的太会太敢太能发便当了——随心所欲超乎想象出乎意料还不崩坏；唯一遗憾的就是兵长几乎全程划水。P.S.巨人尤弥尔与人类希斯特利亚告别那幕全篇最爱。,2020/6/21 22:47,6
5,21.4.6 一个平淡的远景说出“我是铠之巨人他是超大型巨人”真的好吗www被剧透莱纳和贝尔托特身份后感觉少了点味道 104期被困旧城堡的那段最终牺牲的班长好帅（可惜是炮灰角色）这一季更可以感觉到艾伦是被强加的主角光环啊夕阳下的灵魂一击，以及只有这一段才能感受到艾伦对三笠的想法（上一段还是围巾……这对真的有双箭头吗）,2021/4/12 10:38,9
4,先看一遍无暗牧的，在去B站就着弹幕刷一遍究极暗牧版本，最后一集简直黑屏般存在！期待下一季真相，别再让我等上四年！！！,2017/6/19 0:36,6
5,铠之巨人是莱纳我真的惊呆了，个人觉得这部很群像，男女主存在感低了很多，每个人身上都有高光,2023/12/3 23:04,14
5,记得在第一季第一集的时候，就被弹幕直接剧透到第二季末,2017/9/8 23:33,13
5,血腥猎奇的画面与意想不到的死亡是该作品一炮而红的推动因素，但撑起故事血肉的是作者强大的布局能力。前期难以察觉的小细节，随着故事展开可能就是重要伏笔；无人问津的小配角，忽然之间成了故事解密的关键。无论别人如何跟风赞赏或是批判，这都是一个值得反复观摩的好故事。,2017/6/22 22:11,9
5,没想到热血漫的背后是无力感。每一集高潮不断，考虑到主角团们所处的时间线那真是一刻都不得闲。,2022/8/6 13:41,4
4,艾伦要不是有主角光环该死几百次了，比真嗣还中二又被保佑的少年。,2017/7/9 8:09,9
5,“你们虽然长大了 处境也发生了变化 可是干的事情还是和小时候没两样” 一个战士，一个智者，一个疯逼国王 贝尔托特的血肉巨颅从城墙呼啸着落下，我们至今猜不透那些沉默温柔却投身残忍的心 莱纳平静地说出秘密，两个世界的洪水开始向彼此决堤,2021/2/17 0:22,9
5,千呼万唤始出来-等第三季,2017/6/18 21:33,8
4,第一季剧情已经忘的差不多了....还是很多没待解释的悬念，铠甲巨人好帅啊，喜欢那对,2017/6/20 10:27,3
5,被揭开的秘密越来越多了。剧集多采用时间轴前后滑动的方法，去重述过去的人事物。疑似les的尤米尔，成了大主角。想要恢复过去“平淡日子”的汉内斯叔叔，和无间道的莱纳也很感人。战争场面配合摇滚，依旧热血燃爆！当艾连的力量被激活，巨人的形态不再重要，巨人已被内化。坐标之力！,2018/2/21 18:04,7
5,第二季好燃！配乐大赞！等第三季。,2017/10/14 18:46,5
5,你是说我们之前那样死命挣扎，不断来回奔波杀的都是人类？,2017/6/18 11:05,16
4,板野马戏团式的空中动作设计,2017/6/22 21:29,1
5,忍住 不能看漫画 忍住,2017/6/23 15:55,6
4,8/10。人类在巨人之谜上一步步接近真相，到主角之外的同伴也能巨人化，一方自我醒悟的回乡意识一方坚守家园的渺小绝望将两大种族的二元对立进行消解，世界观的新鲜点不断绝不是破碎城墙、残缺肢体的集中展示那么简单，恐惧、孤独、欺骗和伤害的心理氛围感染力强烈，不过挖个坑骗观众跳的套路少用为妙。 @2017-09-19 02:59:08,2017/9/19 2:59,7
5,艾伦的妈妈梳了必死无疑的发型，艾伦的老爸戴了必黑幕无疑的眼镜，仔细一想这个配置和钢炼根本一模一样（不是）巨人史越看越像人类史，创哥、爱的战士！,2021/2/16 22:21,6
4,漫画看到98了，后面的剧情也算是有展开，最后应该不至于太烂尾。,2017/6/29 0:00,2
5,"集数才12集，生吃活人的画面却不少，剧情紧凑多了，高潮不断。
这才是神作该有的水平嘛",2020/5/20 18:45,2
4,争夺艾伦之战,2023/11/18 11:13,0
5,第三季，请。,2017/6/18 16:25,7
4,4年了，这时间也太长了，好多的前提和预设都快忘光了。第二季到目前说到底还是为了翻墙，答案信息量好少，疑惑反倒增多了，感觉还是很拖剧情。于是最让我欣慰的只能是巨人们奔跑起来的蜜汁微笑。8.2,2017/6/15 20:13,6
5,第一季霸权的时候好多人说动画强过原著，追了漫画也感觉作者就快要圆不回来了，现在按第二季的势头和漫画的进度来看，果然还是一部神作啊！,2017/6/18 18:42,20
5,好崩溃啊看的，有一种把所有的已知和美好都打碎的感觉,2023/2/8 20:00,3
5,冲击力太强了。一切淹没在死亡里。第二季打破层层递进的少年漫套路，主角线、巨人线、上位权力线交错，无止尽的残酷换来一点点悲悯，真的好看。ED的美术特别棒，一个蛮荒神秘的力量传说搭配中世纪风插画，冷漠下是狂暴，细思恐极。,2020/7/19 4:01,3
5,2017的第二季现在才看，但真的牛逼啊，这个节奏真是无敌了，战斗和剧情融合得超好，作画也从头至尾不掉链子。在整体的把控上今年新番看到现在也没有能出其右的……,2018/7/5 22:55,3
4,没有神大家都在赌博。墙内外，人与人，生与死。,2021/1/22 14:04,2
5,这季从康尼和萨莎的家乡开始特别激昂特别动人，然后在尤弥尔和希斯特莉亚身上找到完美的感情支点。作为男主角艾伦真的很废而且性格又讨厌，每次都在想“为什么巨人之力在他身上”（但其实就是设定和立意的巧妙吧），加上对马来战士的铺垫，对比起来真的让观众（我）感情不断摇摆。,2019/12/16 0:21,3
5,2021元旦补完。以一场村民巨人化事件带出潜伏在调查兵团104期中的另外三只巨人。热血激昂的片头曲百看不厌。回忆杀颇有节制，比第一季节奏明快些。莱纳的人格分裂让人无语，尤尼尔和希斯特利亚同命相怜半天，应该就是百合吧……艾伦凭“座标”特技报了杀母之仇有点虎头蛇尾。最后一集站在猩猩巨人头顶的是……艾伦他老爸？,2021/1/3 23:52,2
5,我真的不知道该为当时没有实时追番而后悔，还是为了现在能一口气看这么多集而庆幸。   哪怕预先知道了无数个名场面，但真当自己看到那一幕的时候仍然会汗毛直竖，骂出各种粗口，甚至忍不住直接倒回去再放一遍。   不过预知结果再来看过程不仅能注意到更多伏笔，也有很多顺序观看无法产生的感情。其中之一就是看过最近那个著名的阴间捧头接吻图后，再看这一季最后一集的对视场景，我只想说:谏山创我要杀了你！   希望看完全部后我能回来改这句话。  不过估计更可能的是把这句话多说一遍。       我还记得大学入学看到有人穿了件自由之翼的卫衣，当时只觉得"呵，二次元"。  如果我实时追番的话，当时我应该也会穿了吧。,2021/3/17 17:25,0
5,第二季剧情上终于有了戏剧性的逆转和突破，伴随各种各种回忆杀，不过埋的坑应该比填的坑更多…那种令人揪心的牺牲、残酷和悲壮感仍然被很好地渲染和贯穿。男主依旧大部分时间有点废柴，被女主保护了一整季，然后最后一集大爆发，系围巾那一幕真的温柔到哭，希望他俩早日修成成果。美中不足的时候利威尔兵长基本上没有出镜，希望第三季能看到他的更多戏份！,2021/2/13 16:50,3
5,坏消息：二期几乎什么都没讲吧！好消息：然而还有三期,2017/6/18 11:45,5
5,女巨人刚出场的时候我还以为是Arumin的妈妈…,2019/10/7 4:49,6
4,能不能好好说话,2017/6/24 15:36,2
4,依然热血但看了剧透感觉太尼玛绝望了，就好像当初看berserk,2017/6/22 2:29,1
5,一直被绑架你是桃子公主吗？本事没长多少嘴炮倒是越来越厉害了，不过某人又断手了233333。心疼三爷，心疼柯尼，心疼让让子，心疼汉尼斯大叔。,2018/3/9 12:38,2
5,最后一集对剧情张力的呈现优秀到让人无话可说。,2020/1/29 20:14,4
5,兽体巨人登场,2023/3/19 12:39,0
5,最燃的竟然是团长,2023/11/10 10:56,18
4,不功不过，最后两集高能，看了剧透，背景设定跟大剑差不多,2017/6/24 9:40,2
4,BG真的没意思，三笠傻傻追随的艾伦，还是只会鬼吼鬼叫+自残，不值得啊。另一对GL就有意思多了。喜欢尤弥尔~,2021/4/22 19:11,5
4,兽之巨人现身-城堡攻防战-艾伦被抓-夺回艾伦；【坐标之力】出现在艾伦身上；三笠向艾伦告白，不，是感谢；汉尼斯叔叔被吃掉。,2020/8/27 0:37,0
4,被抽丝的历史都已经如此黑暗，让下一季残酷的真相来得更猛烈一些吧！（为什么马莱国的战士都那么耿直非要和艾伦打？一碗迷魂汤不就可以掳走了么？还是说这个世界观里崇尚用实力征服？）,2019/1/1 0:15,1
5,为数不多的能够跨越“热血”“猎奇”“黑暗”“人性”等种种当初走红时的标签，提升到了史诗级别的作品。作为卷均销量历史前五的作品，注定会影响一个时代。现在看来这个被有着被诅咒的历史，无人不惨的世界里，艾伦反而是最幸福的一个，也因此遭到了作者的厌恶。唯一的要求是第三季不要只是季番了！,2017/6/22 20:02,5
5,"没有第一季好看。
艾伦的咆哮听得我好烦，像是日常生活中就会遇到的只会大喊大叫却没实际性作用的小屁孩",2022/9/3 12:56,9
5,其实第一部的热潮已经退了很久，抱着试试看的心态看第二部，一看就想一口气看完的感觉。这部的主角感觉是莱纳，非常期待第三季。没记错的话，这部应该是我看的第一部百合动画。,2017/11/12 11:40,2
4,战斗场景如果真有好莱坞级别的制作认认真真拍，那得多爽啊！,2017/7/3 23:55,3
5,献出心脏~！💓💕,2017/6/19 14:55,1
4,进击的便当盒……谏山真心反社会，对自己笔下的角色一点不手软啊……两天撸完一季好过瘾，攒了几年痛快几天，一集一集追得多难熬2333……,2019/7/15 23:05,1
5,谁能想到兵长不出手的一季依旧如此高能，制作果然进击了好多好多，终于匹配得上了,2019/5/29 2:44,3
5,第一季给出一个充满谜团的惊人设定，第二季又自己把这个设定推翻，引出更多谜团，加害者成了受害者，受害者成了加害者，有趣。（ps，这季画风好像和上一季有点不一样。）,2019/7/9 17:57,4
4,巨人变换新进展，同伴巨人，兽之巨人，艾连争夺战，坐标之力新技能获取。片头曲收。,2020/12/18 2:50,1
5,1.哇哦，个人感觉在第一季铺垫之下展开后续故事的第二季更加精彩，尤其是各种人类与巨人之间、巨人与巨人之间的战斗，真是看得我惊心动魄、血脉喷张（夸张说辞，不过是真的很引我入胜）；2.台配国语→-貝爾托特：萊納，真的要動手，就在此時此地？—— 字幕翻译→-贝特霍尔德：莱纳，要做吗？现在 就在这里！？3.故事编排真是不按常理出牌，不时给出一条带有目的导向的情节线索，然而随着剧情发展又出现意想不到的转折，最后常以出乎我预料的方式收尾。真是实力令我刮目相看。,2020/12/3 17:15,1
4,1.墙是由巨人硬化之后铸成的 2.壁教和巨人有千丝万缕的联系 3.巨人很可能是普通村民变成的,2017/6/25 10:30,7
5,第一第二部连着看下来个人比较喜欢第一部，超大巨人和恺之巨人感觉并不是很强，加上情感束缚显得畏手畏脚更弱了，而且第一部用了很多战术啊有很多反转，这一部明显进入了过渡期。,2022/10/22 12:49,3
4,Mikasa 是少年漫里难得一见的女主吧 诶 女女的情谊在日漫里也很少见,2022/10/22 22:57,2
4,精彩 悬念揭开了又重新铺上新的了 我喜欢的阿妮没啥机会出场啊,2018/5/23 11:55,0
5,时隔快十年 我才终于开始补番 第二季的每一集都在震惊我………以及三笠永远是我女神！！！,2023/7/8 14:11,2
5,兽之巨人登场，其实我挺喜欢小胡子队长的，说起来除了几个主角，调查兵团里其余人都是炮灰了~~这次好像只有12集，看起来估计能说到准备叛乱就不错了哦~~~,2017/4/5 20:57,4
5,男主艾伦，身兼妇人之仁、匹夫之勇、马景涛式咆哮，以及关键时刻掉链子等多项技能于一身（重看时，完全理解了他）。女主三笠，貌美功夫好，人狠话不多。,2019/7/29 16:58,5
5,压抑的氛围。绝望的血腥。炸裂的燃烧。人情的羁绊。逆天的三笠。熟悉的感觉。暌违多载。历历在目。坐等第三季，螺旋归来。,2018/7/24 0:48,1
5,几年前有人推荐时我还没当回事，我有罪。。惊掉下巴的是漫画连载时，作者好像才23岁（瞳孔地震.jpg,2023/11/7 21:29,0
5,看我变身奥特曼！！！,2017/12/6 16:24,1
5,我不懂艾伦为啥每次都那么聒噪😅,2022/6/1 23:06,2
4,尤赫这对百合CP简直美到忧伤～～,2017/6/18 20:31,3
5,现在我终于能一口气开始追了，太6了，莱纳我铠他超，给我笑死了,2024/1/12 2:53,2
4,完全把真人版秒了,2020/5/29 16:09,0
5,"我没有看过漫画,这可能是这几年来最好的作品吧,无论从剧情框架的不落俗套,人物反应的合理(没有傻逼也没有高大全),情绪的渲染,画面和音乐体现出的充足经费,都很完美。",2018/10/9 13:31,3
5,不错啊居然维持了第一季的水准 迂回嘴炮回还夹杂了回忆,2017/6/19 22:49,3
5,巨人有一個好故事，然而人設實在不是很討巧，主角eren怎麼看都不像mc（除了plot amor很耀眼）popularity poll也從來沒贏過，最後和mikasa互動那段尷尬到起雞皮疙瘩。時隔多年再看mikasa和eren的關係，気持ち悪い⋯⋯全季第8集這⋯⋯是⋯⋯什麼⋯⋯東西⋯⋯全集只有尷尬的flashback，flashback完大口吃crackers的畫面真的是【？？？】。,2019/10/17 0:30,1
4,好烦开大挂的男主角，这让每个配角都显得比他真实可爱，这季塑造最好的是那对百合，千万别把她俩写直，否则我定会大骂作者！,2023/11/14 20:14,0
4,观感体验更加刺激，女巨人说实话还挺美的，人类的队伍出现巨人内奸，巨人的秘密仍是一片迷雾，但有一角已经被人类窥见。,2019/7/8 13:25,3
5,剧情好看，但艾伦真的，三笠你图什么？,2023/8/8 18:40,3
4,7.5/8 四年等待的时间确实有点长 12集下来对剧情而言确实也就进了一小步 还好第三季不用再等四年 这季开始果断对三笠从路人转粉,2018/2/14 23:23,1
5,搜索时候发现我第一季时候的评语：据我估计 至少得三季 方能有个结果……,2018/1/16 14:04,0
5,四年，第二季终于来了。依旧燃爆！,2017/4/10 17:28,3
5,剧情开始走入了日本经典剧的一个套路，世界观扩大，讽刺政治。更加精彩，扑朔迷离。神作。,2020/9/30 22:26,0
5,来吧！来吧！献出心脏吧！一天看完第二季的感觉太赞了！,2021/2/4 19:43,0
4,愤怒与眼泪，桔梗与微光。,2017/6/18 6:34,2
4,没有第一部初见的惊喜了，疑问继续丛生，世界的真实是什么？二季得出结论就是艾伦身上不止这些秘密，又及悲惨的单恋加百合,2019/6/25 0:34,0
5,#柒捌捌〇看动画#要不是因为原作漫画画风太个性化，老早就等不及补漫画抢动画剧情了！！,2017/6/18 16:38,1
5,不敢随便喜欢哪一个角色了，这便当发的太快了。,2020/7/3 18:53,4
5,12集不太够看啊……当真偏爱这一季，虽有遗憾，但完全配得上三年的等待。最爱ed，结尾发动坐标之力，少女与恶魔定格时的童声，当然还有城墙一幕配上YouseeBIGGIRL，哦我亲爱的莱纳,2017/6/18 18:14,1
5,我的妈，这是藏了多少线索啊，埋了多少伏笔啊！更新是有多慢啊！（第一季播的时候刚读硕士，现在都已经想辞职了……）,2017/10/19 9:24,2
4,没忍住看了剧透，觉得这个世界观还是挺有趣的，然而剧情着实捉急，老是没有层次感的打打杀杀洒热血何时是个头。,2017/6/19 16:19,0
5,肥肠好,2017/6/25 14:38,1
5,震撼和残酷。,2020/3/13 23:48,1
5,すすめ！すーすーめ！進め！,2021/3/17 14:36,0
4,旧坑还没结束，新坑又来了……,2022/4/16 3:57,0
4,最近来豆瓣少了（或者沉下心来少玩爪姬了），本月看过的在月底最后一天一次性标记。,2021/5/31 10:41,0
5,塔塔开！！,2022/4/22 12:59,0
5,看了评论觉得行了,2023/3/13 7:45,1
5,2023.4.28重看加一星。汉尼斯竟然也是娜娜明，最后一集艾伦在崩溃狂笑，我在暴哭,2018/8/6 0:54,0
4,"第二季实在和第一季隔了太久太久，不知道为什么
只有12集，好像基本就是出墙那一段",2022/2/14 22:53,0
5,炸裂，这他妈夺回艾伦这一战死伤太惨重了，连团长都他妈弄得少了条胳膊，不过艾伦居然激发出了如此炸裂的能力，还能控制巨人，宇宙无敌了。然后，墙里有巨人，还有那个兽之巨人是他妈的谁，还有那个莱纳和贝尔托鲁托的故乡到底是什么地方，巨人居然可能是人变得，这一切都太他妈离谱了，到底之后会发展成什么样，哼哼啊啊啊啊啊啊啊啊啊啊啊！！,2024/3/15 18:54,0
5,这季好多惊人新情报，特别是冥场面我凯他超，笑得我？！还有ed很邪性的镇魂乐，每次看都不想跳过，试图解读一下壁画,2024/6/14 17:01,0
4,这一季后段有些疲软，不过知道第三季是神作，所以不打紧,2021/2/7 22:32,0
4,前面几集有点乱，看完整季也不知道让新兵穿日常服的原因……不过整个第二季，感觉都在保护艾伦，解救艾伦中度过的。,2022/11/5 14:21,1
5,适应了第一季各组高能开关后，第二季无论发生什么都不太意外了，但依然保持紧凑刺激的味道，吐槽最后一集三笠剧情带毒，其他都满意。PS：为了摒弃漫画的粗糙，只能继续坚持动画的质感。,2017/10/6 0:34,1
4,百合线居然开花结果了还那么燃〒_〒,2017/8/23 20:48,3
4,补番，水准依旧很棒！,2021/2/8 21:17,0
4,原來隱藏的巨人還不少呢 跟sv一起一集一集地追完了～～每週六的娛樂～～～,2017/7/9 9:18,0
5,太短了喂！,2017/6/30 6:23,1
5,转眼间第一季已经过去4年了，再劲爆的动漫也敌不过时间的遗忘和广电的屏蔽……如果没看过漫画绝对一秒都不敢错过处处即惊喜（吓？），当年就是因为黑暗题材爱上的，第二季了，人类面临更绝望的处境，有意思^_^,2017/5/13 22:12,6
5,跳出了墙内的视角后，发生了一些根本性的动摇。临阵杀敌，确定敌我是重要的。分了敌我，敌人就是异类，泯灭对方的情感与立场，才能增加己方正义的可能性。但是这一季让一切这坚定的立场开始动摇。能始终站在“对”的一方是幸运的，当无法确认自己所处的立场是否正确时，灰色地带产生了，自我质疑产生了。在每一个人物即将做出关抉择的时候，与之闪回的记忆 ，都是他/她的情感所在。莱纳，尤米尔，一旦他们也开始讲述他们的故事，他们的情感与痛楚，冲在第一线的墙内士兵们还能毫不怀疑地上阵对敌吗？用第一季建筑起来的铜墙铁壁般的叙事，正一点一点在拆解，摇摇欲坠，却带来了更大的空间。这个世界，果真不只有墙内啊。,2022/9/23 13:12,2
4,动画中四个月的故事自己却时隔5年在翻看，因为看了《铳梦》的世界观，想起来自己还有这部剧集没看。看了第一集就发现第一季的剧情竟然还没忘干净，果然第一季当时画面的震撼太大了，这也是自己搁置了五年没敢看的原因吧，不过依然是看了就放不下的状态。这季讲了巨人是从何而来，全篇依然血肉模糊的让人心酸，一个个小主角在四个月中心灵在千疮百孔中成长，拷问着自己应该迎合别人还是直面内心，有恐惧有徘徊有鲁莽也有理智和奋不顾身，前队友在死亡那一刻的恐惧与懦弱也表现的淋漓尽致，都是在跌跌撞撞中塑造这自我,2019/2/26 11:55,0
5,老早以前看过第一季，觉得刚开始好看就结束了…时隔多年，看了漫画的室友说超好看，正好出了新的第三季，我也来继续看啦，世界的真相逐渐揭开！,2019/6/23 13:58,0
5,何处是自由？何处有自由？,2017/6/24 0:00,1
5,第二季侧重角色塑造。 当二人被监视的时候，兽巨来的正是时候。萨沙传。莱纳入戏太深。尤米尔传。,2017/6/30 18:44,0
5,全程高能！,2022/5/19 21:58,0
4,继续考古。在墙内人看来的始作俑者身份揭晓，但反而感觉只是小人物，加上新出现的巨人化人类，之前的假设差不多全部推翻，但由于观众也是墙内视角，只能接受这种合理性，体验还蛮神奇的。尤弥尔希斯特里亚季末的摸头太好哭了。本季兵长厨大型寂寞，竟然养伤养了一季...,2020/5/26 16:03,1
5,妈的，今年的眼泪全部献给你了！昨天补完第四季接着看（以前看过觉醒的咆哮）第二季，情绪被拉扯的极度感性，又凑巧赶上过年，倒计时也没好好享受过年的轻松感，在家几乎看什么都看不进去，安静下来放空都带着一种悲痛中再生的奇妙快感，牛逼。另外想说，看完剧场版也不亏，尤弥尔和希斯特里亚太甜了呜呜呜呜我原地打滚......还有我现在才发现我看漏了始祖之力！！就说不记得那个变态中分怎么挂掉的了（ ）第三季咱们缓几个月再会哈。,2021/2/13 16:27,0
4,[HoneyGod] 进击的巨人第二季/Shingeki no Kyojin S2[26-37][x265_10bit][粤日双语][BDrip_1080p],2018/4/1 4:42,0
4,一口气看完，精彩。比第一季好，通篇不废话，节奏紧凑，高潮迭起。脑洞蛮大的，故事线铺开了，一步步接近巨人的真相，一个个线索令人鸡皮疙瘩一地，就是略微有点血腥了。,2018/12/4 14:03,1
5,第一季的亮点是立体机动与巨人的打戏，第二季的亮点就是“战士”这一集“我铠他超”的文戏神回了。莱纳在长久的内心折磨下，用拜托朋友帮忙一样的商量语气说出了不得的事情，艾伦从强装镇定，到还是难以置信，再到最后大吼，情感实在到位。以及很喜欢最后一集希斯特莉亚那一瞬的“空中舞蹈”。,2024/12/15 13:31,0
4,片头曲中那一排握拳锤向胸口的站姿配合“来吧 来吧 献出心脏吧”一下子就把我点燃了。剧情上而言，本季对于剧情的推进很关键，引出了人类句人话这个事实以及艾伦巨人化后的独特能力；打斗戏亮点不多，而感情戏更是有点无改进。三笠的人设也过于直男癌想法了啊-无休止对你好，尤米尔和希斯托利亚的感情算是为数不多的亮点。没有第一季的那种眼前一亮感觉，但还是很不错。,2022/5/12 15:44,0
4,主角有时候莫名的黑线和日和画风真的让我感觉到一点点不适应啊。,2018/9/8 0:48,0
4,已经开始烦艾伦和三笠这对不顾别人死活的cp了。“只要能和你在一起，无论世界变得怎样，一点都不可怕！”希斯特莉亚&尤弥尔赛高！！,2023/8/26 7:10,0
5,世界观逐渐完整，这部动漫伏笔做的可真好啊！,2024/2/15 14:52,2
5,自从中途因事断了漫画，大概隔了有5年，重新开始补，还好第二季正是当时漫画进度。主要讲了高塔突围和艾伦夺还两场硬仗，荒木哲郎的演绎真是无可挑剔。气氛上只能用惨烈形容，接下来马上要进入与宪兵团周旋的诡谲情节了吧。ED风格好棒！仿佛巨人就贯穿了人类的历史一样，似乎也有对后续背景的暗示？,2019/9/26 0:16,2
5,第二部依然优秀,2023/6/1 0:53,0
4,追上了我十年前的漫画进度。,2021/2/17 1:11,0
5,感觉op还是“你们是猎物吗不我们是猎人”最好听 这一季兵长戏份好少不快乐 剧情就不带给人缓缓的不停搞事情 就很刺激 Reiner也是巨人那里我差点疯了 Alvin团长也挺有魅力就是眉毛太别致了,2019/7/26 23:55,5
5,水准保持住了，这一季故事虽然有一点点点点的水不过总体还是很让人满意的。第12集后半段的童声吟唱真的很妙，以及最后压轴出场的子安武人……子安真的是变态专业户了,2017/6/20 0:11,2
4,从第六集开始就因为信息量过于庞大无法迅速作出反应。,2019/7/6 16:07,0
5,补遗,2019/11/19 18:12,0
5,配乐、节奏绝了,2019/3/6 23:45,1
5,awesome,2020/2/16 20:48,0
4,“不就是围巾吗？要围多少次都围给你。”真特么浪漫。PS:求求了放艾伦走吧，要不人真都死完了，都第二季了还没出壁急死热心观众了…,2021/2/10 23:55,1
5,"一口气把剩下的看完了，哭瞎。。。//已经不记得看了第二季没有。。。看了三四集感觉看过啊。。。
日语原声加日语字幕，netflix我真是谢谢你。。。",2024/3/4 10:56,0
5,格局非常大了,2019/5/25 22:46,1
4,之前看过没记录…,2021/4/17 22:47,0
5,刷完剧透后的一个体会，创山你根本是在讽刺“和平”本身就是Abel（虚空）。接着，艾伦他哥（兽巨）有王族血统，吃九大合体成女神巨出埃及，女神又和大地恶魔有契约岂不是圣经里Cain（占有）附体？所以讲圣经的诺斯替式读法，Cain/Abel只是力动关系吧……,2017/6/22 3:21,2
5,第二季讲述的是“人类的敌人其实是人类”。承接第一季的末日环境，之前人类一直认为人类的敌人是神秘的巨人，但是到了第二季调查兵团的这些人突然意识到，这些巨人之中有些居然是人类变身而成的，进而他们怀疑巨人灾难背后真正的主使者是人类自己。,2019/6/27 11:10,1
5,还是挺好看的 反正这片的特点就是各种很惨嘛 想开了也能接受各种走向了  动画水准还是挺高的，流畅紧凑,2017/6/24 23:02,1
4,巨人十年，陪伴一代人，影响一代人,2023/5/5 14:50,1
4,集数少，信息量大，节奏是较S1快许多，但也导致剧情太赶，不合逻辑莫名其妙的地方很多。而且，兵长的戏份也太少了吧！,2017/6/22 16:01,6
5,比第一季要好看不少，几乎集集都是高潮。本季相当于是揭开世界观的一季了，一个个的坑挖起来看的是真爽啊。还有最后一集也是高甜，两个表白有些吃不消。,2018/8/10 15:52,1
4,重温，剧情忘记得一干二净了，只记得第二季是漫漫长夜，以及那摇摇欲坠的感觉；《巨人》的每次闪回，除了增加角色深度，对剧情的推进是有重要意义的，返回是为了进击，并不单纯是文本的补充。从后面看来，这种讲述方式也很像艾伦持有的进击的巨人的特点；真正的敌人在墙内还是墙外？吸血鬼原理，巨人原本也是人？/ 要是有实体的墙，我会想出去。不过要是无墙，我会想回去建立一道墙 ，关起来，寻找一个藏身之处。是这样的，小地方，家，缺乏生活的勇气，曾经我以为自己会是他们中的一员，但，我可能只是里面的无名氏。（后来：看到了全部世界之后反而觉得世界毁灭也没所谓，或是说，必须毁灭。到最后，艾伦只是想回到那个已经不复存在的安稳故乡，但那已经...那么现在，只要还能在未来保护到他觉得重要的人，他就会义无反顾地选择进击。,2017/6/18 12:26,0
5,咋么第二季比第一季还强吗,2019/5/29 0:18,1
4,故事更加人性化了，但是剧情推展实在慢到家，不知下一季到几年后。人物和动物设计，良心。,2017/6/19 14:03,0
4,主要的几个人角色塑造挺有问题的，喜欢不起来，反倒是配角更有魅力,2023/11/23 19:34,2
5,最后几集真是让我打着哈欠又停不下来！,2017/6/23 8:37,0
5,第6集两个隐藏巨人变身时的叛逃神曲我又麻了。埋了那么多伏笔，怀疑是不是类似三体的农场主和鸡的设定。,2024/3/3 22:50,0
5,质量相当高了，设定确实是无敌，悲剧的内核，非常丰富的人物刻画,2018/9/8 19:53,0
5,隐约感觉，在影射东亚大路？,2023/8/27 0:19,0
4,终究是汉尼斯不配活着。艾伦被全体墙内人绑架了。,2024/8/9 18:55,0
4,“活着的时候就要竭尽全力。”好的👌 / 假大空的台词和咋呼呼的干吼不少，但剪辑和bgm非常不错。结合百科的介绍还是看得云里雾里。下一季不知道何时更新，追得心好累。,2017/6/30 20:50,2
4,继续保持了较高的故事水准。第一季中的疑团不仅继续延续到了第二季中，而且居然还在不断地的拓展和延申。巨人终于不只是一种来源神秘的生物，种种迹象将一切矛头指向了人类自身。而动画呈现的技术水准也有了幅度不小的提升。,2021/2/24 20:57,0
5,2017.06.18完结 两个亲人被同一个巨人吃掉 自己又无能为力 太tm窝火了。,2017/6/18 20:44,3
5,还是当年那个追番女孩啊 “战争需要的是胜利而不是英雄”，但埃尔温在巨人口中喊出“给我冲”的时候，仿佛所有不切实际的英勇和浪漫又回到我身上,2018/7/26 8:54,2
4,这季紧张感下降了，三娘真的好痴情,2022/4/23 16:41,0
4,巨人这个番对我而言太痛苦了，我一方面觉得它挺精妙的，能看到作者思维和设计的流动脉络，推理线真的好棒，一方面对里面任何人物都没有好感（除了还是女巨人状态的女巨人，有种摄人的无情地母感,2021/2/15 17:24,1
5,2期，依然是五星作品。,2017/4/21 23:57,1
5,超赞！季末集好棒！,2017/6/18 9:35,1
5,巨人封神的前夜 第一次看时看不懂的地方都是未来的伏笔,2024/2/5 5:56,0
4,追连载真的很累，可是不追的话，等完结的时候我就老了……(−_−＃),2017/6/23 21:19,1
5,看第一季的时候，我也没想到第二季会进入如此深层次的探讨，强逻辑性、极度揪心的人性拷问在每一集中不断升级，我想好的架空故事的妙处就如同卡梅隆在《科幻故事》的纪录片中所说，好故事永远来自于现实，用架空背景说真实的事儿和人性，这一点进击的巨人可说是近年来动画艺术和叙事艺术的巅峰！,2018/7/4 17:14,1
5,确实了不起，越看越上头，期待这个别被剧透的世界观,2023/3/22 3:34,0
4,因為現實讓人絕望所以要看更絕望的作品。喪到夠了才能接受或反抗。獻上心臟實在太燃太好聽了！而ED畫面很有味道，引我看劇透和漫畫去了。動畫是比漫畫好看太多，人物突出、血淚鮮明。,2017/7/16 14:20,1
4,不看漫画的我，预感会是个大坑!,2017/6/19 9:00,1
4,"这季剧情很紧密啊 整个时间线应该就在两天之内吧？前面疯狂倒叙真看懵了 主要补全了主角团背景（大家身世背景一个赛一个奇葩+牛逼...）顺便推动了一点大剧情 
最后大混战的整个场景挺震撼
尤弥尔和西斯特里亚太绝太畸恋了 一个软肋是撒谎一个软肋是自我牺牲欲 但她却选择用撒谎去拯救她",2021/2/4 23:29,2
4,五星不至于，音乐是真的棒,2024/2/19 11:29,0
5,看完第一季马上就追了第二季，根本停不下来,2021/12/24 0:35,0
5,太残酷了，角色领便当比买菜还随便。作者在下很大一盘棋，希望揭晓谜底的时候不要失望……,2023/10/10 23:05,0
5,为什么那么多人一直在吹OP是泽野弘之？搞不清配乐和主题曲的概念吗？,2017/6/22 17:27,0
5,价值观输出,2017/6/21 23:50,0
4,第二季有种玩狼人杀猜狼人的快感。被克里斯塔对同伴无条件的爱深深打动。“如果你爱他，而不是想教他，你便跟他一起去走那条不归路。如果你的定位是他的老师，是他的指导者，你必然要告诉他他错在哪里，而且要尽最大的努力的让他不要去犯错。”克里斯塔无疑是爱她的，这种超出价值条件的无条件的爱，太感动了！恶巨人最后那个摸头杀太催泪。,2022/1/26 11:10,0
5,谁能想到我会迷上这样一部血腥重口的作品呢……因为它真的就是不看悔终生系列。,2021/11/26 17:30,1
4,磨叽，除此之外还挺精彩的。（听说长度不足是因为人手不够？）,2017/9/23 14:45,0
4,第三季不会又要等四年吧。。。9/10,2017/12/27 20:21,0
4,"从be aimed at到to aim at，这是艾伦两季之内跨过的成长

几个阵营间 对于“敌人”概念的探讨也是越拉扯越大

阿尔敏更加成熟，理解、明白以及接受了自己所担任的位置

mikasa最后一笑，或许会释怀很多
确实很美呀！

五星四星差不大。一方面剧情展开都在意料之中，些许遗憾。
但一方面也有足够的价值多元性与矛盾多义性，这是巨人一以贯之的优点。

记得，燃就完事了",2021/3/27 16:00,0
4,剧情展开比S1有看点多了，从影帝精分若无其事墙头自爆开始简直移不开眼。别再镜头一打就回忆杀了，三笠。,2019/5/20 20:46,0
4,巨人们也有技能点，所以人类的命运终将如何。,2020/2/5 18:39,0
4,过渡剧情,2021/1/2 6:40,0
4,子安的工资领的好轻松hhh 这季我的路人脸（滚）让（爷）彻底酱油配角了orz,2018/4/5 15:00,0
4,啊！献出心脏吧！,2017/6/20 18:19,0
4,虽然很不喜欢中二病内心独白有的没的水大半集，但是反转和每个角色的人物弧光都很nice,2024/2/23 15:07,0
5,好，又要等四年了是吧,2017/6/25 10:29,1
5,开始溯源，从人类 vs 怪物走向种族之战，还夹带了一些私生子的典型困惑，妙笔是一线士兵的 PTSD 。铁 T 潇洒开局结果送了人头，flag 哥也送，原以为百合姐妹也要送，没想到引出对宗教和异族的笔墨来，虽然不多，但是够稳。至于结尾挖坑和 OP 埋坑，我是不太买账。三笠坐稳女一，越来越母了,2024/2/24 23:00,0
5,"这一季突然有种悬疑推理的感觉，进击的巨人之“猜猜谁是下一个巨人”。
虽然只有12集，但剧情推进几乎一集一个小高潮，每个训练班的队员都有“不能说的秘密”。面具戴久了很容易角色混乱。
这世界上没有不透风的墙。
各种关系线索终于铺开了。有种主角终于开始在明面上谈情说爱的感觉了，激动的像个初中生。
真相即将揭开。
神墙教派果然是暗黑愚人和阴谋论的。
这一季的杀伐果断和凌厉，果然上乘。
五星",2021/5/20 9:39,0
5,追漫画去了我,2017/6/24 17:06,1
4,艾伦何德何能！,2019/6/2 20:12,2
5,又要等,2017/6/20 16:26,0
4,感觉这一季略拖沓，虽然旨在刻画群像，但是关键剧情却毫无进展。,2019/8/4 15:30,1
5,我凯他超真的是……最为尖锐的冲突玩弄于股掌之间，不要钱似的随便丢，不怕炸不穿你的神经。,2023/5/28 8:10,0
4,莱纳突然自爆真的惊了，有些担心收不住了。,2021/3/12 13:13,0
4,信息量巨大,2017/6/30 3:16,0
5,"“这个世界让我们活下来……人类是群居动物，以不同方式生存的人们，只能活在有限的环境中，结成群组，与人交流……以后无论遭遇怎样的危机，都无法寻求援助，没有履行义务，自然就无权享受恩惠。……我们必须接受世界是一个整体这个事实”
还有会长告诉儿子商人要有判断谁能让自己在未来获利的嗅觉，都很有意思",2023/11/16 7:15,0
4,额。。。其实没有看第一季激动了。。,2018/1/17 5:06,0
4,这季动画做得最牛逼的地方竟然是音乐。,2020/1/26 1:14,1
5,仍然五星！,2017/6/19 0:37,0
4,一路挖了更多的坑 最后又燃了起来,2017/6/27 22:02,0
4,节奏还是太慢了，很容易让人跑神，原来巨人都是自己人……,2024/5/19 11:22,0
5,剧情进展好慢，兵长全季都基本处于掉线状态…不过依然很燃，制作水准依然很高！考研时看的第一季，现在硕士毕业看第二季…,2017/7/5 20:27,0
4,感觉制作水准有所提高啊,2017/4/25 5:05,2
5,"所有人都在成长，为什么男主就一直不咋能成长啊。日本人真的偏爱这种充满缺陷的人设嘛。
说到底，不说让三笠做主角，就让アルミ做主角叙事都会舒心很多。当然了只是代表个人喜好。
疯狂反转一口气停不下来，也可以说真的太了不起了。
————————
看完表示，主角烂就烂吧，看得我难受死了，太感动了。",2024/8/19 19:32,0
5,亦正亦邪的尤米尔巨人化也太丑了,2023/3/14 0:51,1
4,比第一季好看很多，但是给观众透露的线索太多，以至于容易觉得主角团们的进展太缓慢。尤希能嗑，至于异性恋官配，只能说已经到了想快进的程度。,2023/10/4 6:23,0
5,啊啊啊啊啊啊啊啊啊！好好看！！,2021/3/8 19:25,0
5,一口气看完，这季更加深入秘密，最爽的就是把最震惊的真相用稀松平常的话语引入，高密度连续不断地撞击认知和情感，与鸟笼中的人乃至巨人无法控制地产生共情，这就是优秀作品的优秀之处！1.萨沙回乡救人。2.尤弥尔的历史与爱情。3.红围巾。4.无数的牺牲。,2021/2/15 11:02,0
4,正经说事。情绪爆点，把握得不错,2017/6/28 14:50,0
4,片尾ED的feel绝了,2021/3/12 0:58,0
4,居然有百合线，Ymir和Historia泰好嗑了(第一季里这对埋线也挺明显只是没想到居然会发展成重要故事线,2021/8/23 15:57,0
5,这部动画真他妈好看！,2019/5/4 23:50,0
5,能给十星吗！,2019/1/18 20:51,0
5,あー腹が立つ。为毛“热血漫”的男主角一定是只有“特技”没有“脑子”。而且进击这么悲剧导向哪里好叫“热血漫”。,2019/3/3 22:12,0
4,变态谈恋爱真香啊……,2019/3/3 11:07,0
5,印象分,2019/7/1 23:22,0
5,莱纳这浓眉大眼的，总在剧情特别严肃紧张时一本正经的搞笑，创哥是故意的吧,2017/6/19 21:57,1
4,"——光是想起你那副正义凛然的嘴脸，我就恶心到想吐，别装摸做样地学人类苦恼啊，你们已经不是人类了！把这个世界变成地狱的人可是你们啊！明白吗！杀人凶手！
——那你还想从杀人凶手这里寻求什么？希望我们反省吗？希望我们道歉吗？这样你就满意了吗？
日常的，无解的，侵略者与被侵略者的对话。",2020/2/25 16:34,1
5,怎么会有三笠这么帅的姑娘啊！！！！！,2023/11/13 19:02,0
4,作画党的乐园，故事……嗯就是这样。,2017/7/9 15:06,1
4,我凯他超~他踢我撞~,2021/4/29 13:18,0
5,尤弥尔，你真的，我哭死💔,2022/12/10 3:08,1
5,结尾真相果然还是因果必有报，脱离二元论的青年动画往往都比电影电视剧要残酷的多。,2018/3/16 10:24,0
4,比第一季好看多了，感觉节奏舒服了，信息量大了，作画也变漂亮了,2024/7/23 2:42,0
5,三爷好美啊,2017/6/21 2:46,0
5,对，全世界都在看第三季，我才开始补第二季🌚🌚🌚,2019/5/27 23:46,1
4,"啊啦！你也是巨人w 去个地下室也太难了orz 
子安又配变态w 是百合耶 发现亚妮迷弟一只 兵长掉线啦！ 前进！！！呜呜呜 还得靠嘴炮w 纳拿巴姐姐呜呜呜
那个恰妈妈的女巨人是真的惊悚卧槽 依旧暴击
ed的画面剧透了吧！又是宗教🌚
喜欢俩bgm 萨沙就女孩那，还有那集后面有一段 噗原来萨沙是小林优配的哈哈哈哈哈
嘛巨人这番真是点开一季就想火速看完w",2021/3/3 10:08,0
5,坐标之力就是Newtype么,2023/9/7 11:12,0
5,"第二季：罗赛墙内出现巨人，104期剩下几人一部分找巨人，通知村民撤退，另一部分被困塔上，尤弥尔暴露巨人之力，莱纳贝尔托特掳走艾伦，埃尔文战术救回艾伦，艾伦发动坐标之力。把几个同期生萨夏，科尼，克里斯塔，尤弥尔，莱纳都一个个展开写，煽情，回忆也变多，节奏慢了下来，通过这个过程，慢慢揭开巨人的秘密。武斗+一点智斗。
	展开配角故事，主角继续被打压，初步有思考能力。质疑，谜底部分解开，但又遇到新的问题，危机。",2024/12/12 19:52,0
4,憋了四年才憋出12集……赶紧筹钱接着拍吧ˊ_>ˋ这季虐的啊，好多可爱的人都领便当了……完结的很突然了，只能靠漫画找补了ˊ_>ˋ,2017/6/18 22:32,1
5,"2017年6月23日一口气看完，进展好慢，疑团的揭开速度真的很慢很慢！
这季讲完了墙外可能有一些其他的文明，九巨人中已经出现了四巨人了。但是外面的文明究竟是怎么样的还没有开始交代。",2017/6/24 3:57,1
4,反正后面剧情也都知道不捉急吧 只是12集也太少了点。。。,2017/6/20 17:22,0
5,呆谷是录完才休养的。E01直接撕碎一人，那只猴子巨人居然是子安，一开始都没听出来。E02自古弓兵爱近战E12MIKASA告白啊，Eren到底是有什么不可告知的力量，汉尼斯大叔居然就这么死了，而且是死在杀死Eren妈一个巨人的手里。最后终于有兵长了，三期也决定18年放送了，只不过热度和销量都一去不复返了。,2017/9/18 21:34,0
5,如鲠在喉、纠结憋屈的一季，究其原因或在于渐趋显露的真相冰山一角只是让人与主角一样更加困惑不解，无由的战斗无论多惨烈都难以让人排解胸中郁结。索性终集「向着真相迈进的一小步」之台词到底是给人带来某种拨云见日般的希望与勇气啊。,2019/1/6 19:22,0
5,身份的认同是多么的重要。,2021/3/31 18:51,0
5,每集都那么短。。。什么都没讲，一季就看过去了。。。。下一季不知道要等到什么时候呢。,2017/6/18 23:57,1
5,可惜了！凯之巨人！猩猩会替你报仇的,2017/10/24 21:20,1
5,哪有非审查版啊，“暗牧这玩意有了总比没得看强”这种论调不就是斯德哥尔摩综合征？看个动画都看狗肚子里去了,2017/8/31 18:43,0
5,良心动画，从不瞎原创。,2018/7/26 18:21,0
5,尼玛比第一部还刺激,2018/1/21 21:00,1
4,残酷过头了，人还总是被人所打倒。,2024/8/22 14:20,0
4,最后集最后十分钟真是幽灵泪点，受不了,2021/3/3 12:19,2
5,制作水平依旧，可以可以,2020/1/3 22:43,0
5,这一季很精彩，除了最后一集三笠的告白尬到我了，美强惨+恋爱脑这人设太违和了。,2021/5/3 2:41,0
5,橘生淮南则为橘，生于淮北则为枳，这位导演前一作的失败证明巨人的漫画有多么优秀。,2018/6/27 21:55,2
5,片头那么多兽巨人都会出现么……saru一个就非常可怕了,2020/11/6 12:31,0
4,没过瘾我去接着看漫画了,2017/7/4 21:39,0
5,目瞪狗呆,2023/12/2 21:50,0
5,莱纳太逗了话家常一样说了自己的身份，哈哈哈哈，萌一脸,2018/7/28 0:16,1
5,一如既往的悲伤，以及燃。等了4年，一下就看完了……,2017/7/1 22:51,0
4,虽然是过渡季但是故事线全面铺开来了，文戏处理比第一季好看很多，高潮迭起。,2025/1/19 19:25,0
4,没有目的，就成不了巨人,2024/4/28 0:25,0
4,"敌人依然不断转化，不断撕裂和重塑的世界观，虽然还没有系统的认知，迷雾依然弥漫在所有人之上，但是外面的世界并非我们所想象的那样已经定下来基调。其实我觉得前后的节奏处理得并不得当，莱纳贝尔托特的叛变、尤弥尔和希斯互为镜像的对称形象，是第二部的主要内容，在详略上处理得有点奇怪。伴随着叛变神曲出现的我铠他超真是我心中的神场面。所有矛盾拉扯全都化作那句变扭的陈述句中了。
过渡的意味很重。",2023/1/9 23:58,0
5,谜题逐渐揭开…,2019/4/5 16:49,0
4,能变巨人没有用，还是要有脑子！,2021/1/31 20:05,0
4,第一季时，还在大学寝室里和室友一起追漫画，第二季时，我已经研究生毕业还当了2个月的社畜了。非常喜欢尤弥尔从不停逃跑的利己主义者，到开始因为女神而犹豫和自我矛盾。,2017/6/20 12:27,1
4,扣一分扣在特么的四年了就做出十几集，生生把个红遍全球的大IP拖成了碟片就卖一两千张的三流销量，就为了做抄袭辣鸡假铁城。敢不敢在版权收入也就比尾田低点的漫画作者面前切腹谢罪啊？！,2017/6/23 16:12,1
5,第二季脉络又清晰了一些，每个角色也都更沉重，背负着更多。仿佛这乱世里只有极度的偏执与挣扎才可以存活。尤弥尔让人感动之余，更多的是一种钦佩，这个角色塑造真好。,2021/1/13 10:10,0
5,为什么只有12集！！！第一季有24集的啊啊啊啊啊！！！真正剧情突飞猛进都在后面12集啊！！！显得好像是拖沓了似得（其实根本没有）逼我忍不住把漫画追到停不下来天天等更新不不不不要回想起被更新支配的恐惧了嘤嘤嘤,2017/7/28 3:46,0
5,确实越来越好看了，慢慢得感觉到要表达的核心了，最后一集，也还是挺感动了。,2021/1/17 22:33,1
5,word嘛宏大的脑洞 有血有肉有真情 献出心脏吧在所不惜（到底还有多少队友是巨人篇,2021/4/5 0:56,0
5,小学除了哆啦A梦我只看过这一部日漫，很幸运能在还是一个小孩的时候看到性别观如此正常的作品。可能因为第二季和第一季隔的时间太长，当时又在准备中考，因此一直没有把它看完，这段时间重新捡起来看，感动依旧。,2023/9/17 17:23,0
4,每一集都看得我龇牙咧嘴，也太痛了吧,2023/4/14 0:31,2
5,那样的事，无论多少次，我都会为你做的。,2017/6/29 21:59,0
4,还是喜欢这个idea。一直觉得艾伦除了体质奇特外没什么成为主角的素质。这一季反而是尤弥尔比较闪亮~,2017/12/31 9:40,0
5,丧燃的代名词,2018/6/10 12:31,2
5,第二季变好看很多。。信我。。,2024/1/3 14:49,0
4,剧情依旧高燃，铠之巨人和超大型巨人现身，艾伦终于有点能力了。,2023/11/11 13:40,0
5,"在我已经对日漫套路审美疲劳的今日，还有能吸引我看下去、让我为情节着迷的作品，已经很难得了…目前感觉《进巨》和《死亡笔记》是一个梯队的，情节确实好。

最后两集，加一星为了尤弥尔和希斯托莉亚的情谊。",2023/1/21 21:54,3
5,一直挖坑，极少填坑。,2019/3/20 2:56,0
5,延續高水準,2017/6/18 15:55,0
4,"开始有点拖，后半比第一季好看。
那灵笼就是游戏版的进击的巨人吧。城墙和人变巨人可见冰与火之歌的影子。但是每个人讲一个故事似乎也是比较主流动漫常用的（海贼王）。总比第一季和火影差不多强。
没有食道的战争机器，这想起了外星灰人，没有消化系统依靠浸泡营养液维生。这似乎在隐喻一种人类与外星或者未来人类的关系。",2021/2/19 1:36,0
5,尤弥尔意难平…我真的很痛苦…这一季信息量不太多，剧情很无力，牺牲了好多人…啊啊啊真的很想一口气看完！（莱纳别惦记希斯特利亚了,2024/1/8 21:55,0
4,感觉进展很多啊 虽然水了几集。bgm太牛了||感觉第三季是不是又五年后见了 是不是我得带孩子看了,2017/6/29 8:06,0
4,看的B站暗牧版，观感较差！,2017/6/19 20:01,0
4,这季脑洞不太行啊，明显有点拖沓，第一季门槛实在太高了。不知又要等多久。。等到时，在何时何地，何种心情。。,2017/6/18 22:56,0
5,女巨的追逐戏真是教科书般的高潮演绎，团长兵长的战略部署，信任与牺牲，伪装与背叛，暗潮涌动的势力拉扯，动作设计与文戏对白都值得好好品味。,2017/5/31 11:41,0
4,快点让我看到嗷嗷称神的地方叭,2022/7/17 6:49,1
5,一盘好大好大的棋,2017/7/7 9:05,0
5,真的是每一集都看哭 每一集,2023/7/12 18:55,0
4,这个第二季，我看了两年多终于看完了。。。最后一集燃点很高，继续刷第三季。,2019/5/15 20:21,1
4,可以可以。,2023/11/25 20:06,0
5,夏天看第一部时只能说是满足了猎奇心态，没想到第二季一下子投入真情实感了！！！虽然当时看了各种剧透但如今每推进一步都还觉得上气不接下气，停——！等等——！暂停一下——！///艾连是会气死人的男主啊！以及内心其实很遗憾大家都完全没有萌化状态的......,2020/12/13 1:03,0
4,献出心脏！,2021/2/10 19:17,0
5,当年漫长的等待以及原作令人难以接受的画风让我直接弃坑了，现在补番发现第二季是真带劲啊，虽然篇幅不到第一季的一半，但是带给人的震撼比第一季只增不减，墙内的巨人、有智慧的兽之巨人、柯尼的巨人母亲、尤弥尔变身、胡佛莱纳跳反等，看的人热血沸腾，同时双留下了大量的谜团，让人想一刻不停的看下去,2023/12/15 19:20,0
5,ep26-ep37,2021/1/8 12:45,0
5,坐等三期,2017/6/19 21:25,1
4,向着真相走出了艰难的一步，就是不知道艾连什么时候能成熟,2017/6/18 15:47,1
5,你大爷终究是你大爷，燃到爆炸！三爷真男主，请再来一打。,2017/5/12 22:20,5
4,比起山寨货节奏还是巨人控制的好 但是艾伦实在是。。。,2018/1/3 23:42,0
4,还是熟悉的味道。第二季新的主题曲差了不是一点半点。,2017/9/7 16:09,3
4,总算看出些眉目了。,2017/6/24 23:52,1
5,世界观神展开，剧情爆炸，有点短啊,2019/7/21 12:30,0
4,情节上进展不算很多，观感比1强，期待第三季。兵长竟然没怎么出场,2017/7/27 11:34,0
5,居然这么快第二季又完了！最后结尾好想知道啊！！,2017/6/25 11:37,1
5,立意是真的高啊,2021/3/9 11:14,0
4,Flag立得像刺猬,2019/10/8 4:41,0
4,算是个过渡季吧。兽之巨人出现。铠之巨人莱纳、超大巨人贝特霍尔德、腭之巨人尤米尔劫持艾连，遭遇巨人围攻。赫里斯塔与尤米尔的友情线、艾尔文·史密斯团长作战失去手臂、汉尼斯队长阵亡。艾伦觉醒“坐标之力”。,2021/1/18 23:24,0
5,面对未知其实有时候面对的就是对自我的毁灭,2018/6/9 20:29,0
5,这一季总的来说就是铺垫，节奏不如第一季，但也还是巨好看，看了一集就马上想知道下一集说什么了，佩服17年的时候等一周一更追番的人，好奇他们是怎么活过来的。,2021/2/7 10:21,0
5,尤弥尔和她的星空，以及那反复无常的命运，我会永远记住。,2019/11/2 12:21,1
5,😭😭汉尼斯大叔👨🏻‍🦱,2021/1/10 21:56,1
5,说两句废话吧，追番不适合我这256的容量，公开什么情报！我已经忘得连话都不会说了好么！,2017/11/23 21:15,0
4,节奏感十分优秀，行业标杆。,2021/6/9 10:06,0
4,2023.04,2023/5/13 22:37,0
4,暗中观察,2023/12/9 19:11,0
5,第二季一等就是四年，等的我都快奔三了！而且讲谈社也太坑了，这一季才出12集，一个通宵就撸完了。据说第三季要2018-2019年才出，这是要把我们这些日漫迷逼疯的节奏吗？还好这一季没让我失望，够燃、够热血，最后两集的BGM也很给力。没白等~,2017/6/22 6:44,0
5,配乐优秀，在战斗前的那一瞬间达到高潮,2021/9/5 23:16,0
5,2021-3-20更新：巨人每一季都值得五星。|2021-10-26因为看完第三季才来打分，现在只觉得五星要留到后面…,2021/10/26 8:53,0
4,真不是动画在拖剧情因为原作这部分就是这样……,2019/6/25 16:18,0
5,从大环境到小人物，每一笔都恰到好处，干净利落，性格跟着情节走，人物跟着性格走。配乐和画面也堪称无懈可击！继续追！,2021/2/9 14:21,0
4,所以“坐标”又是什么？？居然觉得长毛长手怪有点可爱。。,2018/9/7 22:22,1
4,这点剧情硬是靠煽情回忆拖了十二集还没戏剧高潮，人物也都是一根筋，制作和配乐倒是依然很强，但翻来覆去都是那一套还总是光打雷不下雨，久了难免疲劳。至于说深度广度的就更尬了，这种阴谋反转悬疑脑洞的情节网文多了去了。,2020/12/28 1:49,0
4,三星半,2023/11/27 0:06,0
5,没想到艾伦的绝招是木村锁啊，这一季太短了,2018/6/30 13:58,1
5,第七集作画质量那么高，让其他动画怎么办？,2017/5/14 17:12,6
5,短一些就好多了，跳反那集看得我真是震惊了，原来秘密是这样的！,2025/1/6 22:25,0
4,“这么肮脏的我爱上这么美好的你”,2021/2/20 11:25,0
4,渐入佳境,2022/11/28 14:03,0
5,E05 E06 E07 算了不优秀剧集单列出了。。这一季太牛逼了。。,2017/6/11 15:06,2
5,豆瓣什么时候能出，没有用功能啊，既然能选有用，为什么不能选没有用，看到有些评论真的很想竖中指啊……给个机会可好,2019/3/21 20:18,0
5,"三天看完的，我很少这么快。。。第二季还是好棒啊！！各方面！
不过令我感到惊艳的作画不如第一季多，大概因为我太偏爱立体机动装置的作画吧。ed太惊艳了，画风、曲子、整体基调都太厉害了，黑暗史诗的感觉（不是指那个游戏黑暗史诗",2021/1/18 1:42,0
5,这季剧情好快，最后埃尔文那个笑好可怕。艾伦感觉还没长大，故乡三卧底有点可怜。,2020/5/17 16:58,2
5,第一集就燃爆了啊啊啊，兵长整季掉线中。。期待第三季兵长大活跃！,2018/2/13 19:39,0
5,等了我四年,2017/4/3 23:22,1
5,太好看了！！！比第一季还要好，打动场面更加热血流畅！为每一个人的命运揪心，但是在这种大悲剧之中又有谁能活得圆满？开始看之前就被剧透了，但是完全不影响我全称嘴巴大张地一天追完。人物领便当速度之快，与GOT相比有过之而无不及。Ricky抢在我之前看了，美其名曰边锻炼动感单车边看可以让他认真读字幕……,2018/12/2 9:10,0
4,E05原来尤米尔！这种群像戏太精彩了！非常享受这种真相一步步浮出水面的感觉！E06《进击的巨人》，又名《无间道》。话说这样的话那还是尤米尔更爱托莉亚，那么危急的情况下不惜暴露身份，不像莱纳。E12第一季发现巨人之力，第二季发现坐标之力。主人公技能成长明显，但是心理和人格成长倒不如我刚开始预期的那样明显。托莉亚&尤米尔“但只要跟你在一起，不管要面对怎样的世界，我都不会害怕”。,2021/2/11 8:19,0
5,2018见！,2017/6/18 16:12,1
4,【200612】8.5-短小精悍的10集，节奏把控相当棒。该番更是在这一季成功从热血番转型成了推理番。莱纳反水那段属实震撼我MA，实在是让人太期待后续剧情的超展开了。,2020/6/14 17:49,0
4,原本以为巨人化是个天选之子一样的buff，结果发现是个人都可以变巨人，技能还都吊得不得了。呵，我表示情绪稳定。第二季变季番，节奏一下子加快了很多，至少看起来觉得很爽，是脑子被激活了的爽，不仅仅是动作场面的爽。百合小情侣甜的喽！,2018/12/7 12:46,0
5,"离真相又近了一步
看到有人说这一届练习生藏龙卧虎",2024/4/5 22:04,1
4,人类终于前进了一大步，虽然还是靠着男主角的光环。,2021/5/18 0:26,0
5,oh一口气看完好快乐,2020/12/22 14:11,3
4,这一季太快完结了 意犹未尽，虽然看过太多感觉蛮靠谱的解读，还是对后续充满期待。,2017/12/20 17:41,0
4,后面大家都开始精分是怎么回事 设局没设好的感觉。。兔你尬古，期待明年的第三季,2017/7/3 21:59,0
4,救命史上最smooth转折,2022/8/31 13:42,0
4,第三季制作决定～但王政篇全是文戏应该不讨喜吧😂在这个闭嘴番都只能做季番的年代还是希望能做完啊。,2017/6/18 16:26,1
4,这季中间注水有点多，纯文戏填充时间目的太明显了有点无语，但几个反转和武戏还是十分好看,2017/6/19 4:08,1
4,补番。剧情已经不只是热血而已了，然而发展更加有意思。没有看漫画可以说蛮惊喜的，有时间补下原作,2019/5/19 12:07,0
5,忍不了，要么剧透要么漫画去啦。论卖关子还数这群人厉害，一个个欲言又止的闹哪样！,2017/7/20 13:29,0
4,追更结束，然而这剧情后面还有好多坑要填啊。,2017/6/18 21:00,0
5,满分。,2023/10/29 6:52,0
5,看傻了都。我一直在想进巨和其他热血动漫的区别，其实除了精巧的悬念设置和人物设置，无他，无非是残酷的世界观更贴近我们的生活，以至于让明知不可为而为之的勇气更加真实，从而更加鼓舞人心。,2021/1/23 12:15,1
5,这走向真要大剑了，这季原画师不得了，跪,2019/7/3 19:39,0
5,把极致的热血和极致的cult结合起来，感觉也只有日漫能做到。一边是活生生的吃人碾人手撕人，一边是青春啊燃烧啊少年献出你的心脏吧。这一季的开篇op也超好听，高潮萦绕了我一整天。“献出吧，献出吧，献出你的心脏吧”。啧啧，三岛复活都会觉得好看吧。,2021/3/21 13:03,4
4,第二季是从对抗巨人往对抗人类自己这个概念的过度，整个一季印象最深的就是莱纳他们巨人化的最后两集。隔了四年的巨人并没有让人失望。“心怀大义 拥有大念信仰 结果干掉的都是自己的同胞” 没有比这更绝望的事情了。在这个年级看完已经和13年那个小女孩的感受完全不同了。不再迷恋某一个角色，调查兵团全员赛高。 第三季刚开头已经可以看出世界历史，一战 二战甚至解放战争所有人类历史战争都可以看得见。好怀念只是单纯砍后颈 对抗被吃掉的绝望的时候。同时能看到的还有创作者自己，一个小男孩对父权渴望推到的原始梦想，还有对冷漠母亲的憎恨。又渴望有权利 又渴望被爱。这是一场放到巨大世界观之下的治愈自己的创作。谏山创真的厉害。,2021/3/20 20:07,1
5,补标。,2024/8/17 14:14,1
4,剧情进展太慢，沉迷打怪，而且还打不赢，是个比较痛苦的点,2020/6/21 11:16,0
4,104期学员果真是藏龙卧虎,2023/11/18 17:54,2
5,第二集！沙夏线！短短一集把一个社恐人的成长说的明明白白，流畅自然还很燃！就这一集就值得满分！！！,2022/4/19 16:38,0
4,还是一样的硬核，中段没预料的俩巨人发难，季终继续抛出巨大信息量同时挖大坑。重重谜团，慢慢剥开。8.7/10,2018/9/21 20:32,0
4,每一个人都让人挂念，生怕他们就不在了。。。。,2020/1/20 22:22,0
5,"半年番变季番…不过真是没让人失望啊！故乡三人组终于全部暴露，最后两集看的真是过瘾，赞！埃尔文团长真TM屌爆了！（季终集三爷简直太美！艾伦怕是解开了第五阶基因锁，有一种AGM Missle is online的感觉_(:з」∠)_（三爷艾伦你俩竟然没亲上，按头小分队简直按捺不住了啊尼玛_(:з」∠)_！
2017.6.27",2018/4/10 15:56,0
5,说实话，剧情没什么实质性进展,2022/5/10 2:20,0
5,最后一集的感情戏，艾伦还是太嫩了，不解风情，大猩猩背上那个人是谁？,2017/6/19 18:34,0
5,利威尔打了一季酱油啊，这季讲了很多但感觉又什么都没讲。。,2019/4/9 17:12,0
5,提前预定五分，s2e4最后一分钟惊艳至极。,2017/4/23 23:45,1
5,完全没被剧透看完整季 燃爆啊 爆炸啊 无下限啊 太吊了了啊 的8信息量爆炸 逐步逐步要解开谜底了啊 太爽了。废柴主角算了不评价了 mikasan爆炸啊 美爆啊 除了阿敏 其他人都可以死都可以是巨人啊 继续啊 无节操无下限继续啊 为什么要等到明年。。,2017/6/22 22:01,1
5,自从超大型巨人出现，人类的和平与幻想被打破的那天开始，艾伦·耶格尔无尽战斗的日子就未曾中断……毫无抵抗之力，眼睁睁看着母亲成为巨人的饵食，发誓将巨人一个不剩地从世上驱逐的艾伦。 但，在残酷战斗的途中，他自己也变成了巨人的姿态。 为了夺回人类的自由而驱使巨人之力的艾伦，在席纳之墙的史托黑斯区与“女巨人”交锋。这场巨人之间的激烈战斗，由艾伦艰难地取得了胜利。 即使如此，艾伦以及人类也没有休息的时间。下一场战斗已经宣告开幕。,2022/5/20 16:26,0
4,悲剧的色彩总是神秘的，但是编剧如果说最后一切的源头都是因为猴子身上的一个人做出来的，我就呵呵！！！！！！！！！,2018/11/17 22:47,0
4,补,2020/12/17 23:01,0
5,补习头号霸权选手，果然不管是动作，画面，音乐，故事，人物，声优还是主题都是顶配，看片尾动画预感这又是一个类似于人类补完计划的大棋，他们选择了不同的道路，我们为此背负了命运的枷锁。好在，我们还可以反抗。,2019/8/18 12:00,1
5,不管是第一季还是第二季，全部都好看到爆炸啊！剧情节奏音乐内容超一流！,2017/4/25 23:48,6
3,第一集就出场一个会说话的高智商巨人(兽)，很好，新的绝望开始了。,2017/4/2 17:58,572
3,煽情戏滥情戏占比太大，情绪张力化得太过夸张，百合戏更是各种意义不明。刨去各种情感戏和百合戏，有推动实际剧情前进的部分也7集的体量。但是这7集的集数里却强行装下将近17集的故事，导致多处铺垫不足和转折突兀，人物更是情绪化得像跳跳糖一样来回来去爆炸。,2017/9/10 2:17,92
3,一口气（也许是两口气）刷完动画的我一脸懵逼？感觉跟第一季来比，不管是节奏还是故事都拖沓很多啊！然后秘密解谜之类的也越来越没劲，百合CP也感觉很没有点，更不用说最后一集艾伦和三笠在关键时刻的情意绵绵...我真是尴尬癌都犯了。第三季肯定是那只大猴子的事情啊！来吧来吧快来吧！,2017/8/7 23:09,59
3,最近正好在重温剑风，深感于三浦的真诚。反之之于巨人，我既不能感受到谏山创面对巨人时的恐惧，也不能感受到他对自由的向往。一言以蔽之，蒙住读者五官的悲剧算什么悲剧？,2017/6/18 18:04,19
3,拖沓到如此程度，也是够呛,2017/6/20 14:48,30
3,二期截取这部分内容在原作里就属于炸坑，超出了“挖”的级别，观众被绕进云里雾里空看撕打。最不合适的是这一季长度切割，一出抢人戏本不够压轴，全倚赖动画表现力的补救强行做出高潮感。,2017/9/1 4:17,8
3,“什么，你也是巨人？”ヽ(゜Q。)ノ？这一季真的有点像肉体高达大战。,2018/5/8 14:33,9
3,几乎忘掉第一季的细节和人物，节奏略拖沓还总是为后面放大招埋伏笔，没看过原著的人表示有时一脸蒙逼的不知所云，好不容易追个日番追的心好累，下一季不知又拖到何时心更累……,2017/6/19 3:34,7
3,靠悬疑让人继续追下去，其他方面真的不是太亮眼。,2017/6/19 14:50,11
3,少年漫只有那么一点类似爱情的纠葛，三笠对艾伦不离不弃艾伦每次醒来都先问别人怎么样了不关心三笠让我很生气。,2024/10/15 8:47,0
3,遮遮掩掩地填坑导致剧情过于拖沓,2020/12/13 19:35,3
3,第七話，進擊的MMA！看男主又是Triangle又是Armbar，鎧甲巨人應該很後悔當初沒跟女巨人學泰拳。　　P.S.聽說女巨人的原型是Cro Cop......,2017/6/20 18:01,4
3,后面几集在干蛤,2021/2/5 21:58,4
3,全面缩水,2017/6/18 4:55,4
3,反转太多圆不回来了，只能用卧底太久神经失常来解释了。节奏还是一如既往的慢，三倍速看都毫无损失。,2018/9/26 23:41,5
3,第三季打猴子了,2018/8/19 21:22,1
3,以为会从头输到尾，没想到居然有个小收获。,2017/6/19 15:23,2
3,不是pig的制作，节奏真心一塌糊涂，原作人物情节设计方面的逻辑硬伤也是洗不掉，为反转而反转，人物性格与战斗力的转变也很突兀，声优也是被折磨得很厉害，钱捧出来的所谓大作就是这种水平，比第一季差太多了,2020/8/10 0:05,3
3,这一季太短了，主线是艾伦争夺战，仍然在铺巨人设定和敌方目的。进展也比较慢。要么线索少给一点，要么加速节奏，观众的新知进度远远超过主角们，太煎熬了。以及，好不容易记住了几个英文人名，结果第二季看了另外一个字幕组，人名翻译全改了！前三集大部分精力花在“他在说谁”上。汉字从以形表意发展过来，对于音节接受太难了！一点点脸盲，导致黄发的阿敏和黄发的女孩老是弄混。,2021/1/10 12:13,4
3,看前两集一度又想给高分，但越看越觉得就是中庸之作。讨论正义（宪兵团贪污）、法律（军事法庭）、辩论（军前演讲）都非常幼稚，最后1-20集则完全陷入战斗力数值崩坏和超人意志中。第二季城墙由巨人组成还稍微有点创意，巨人开始说话，城墙教一副故弄玄虚、新生监视的样子更是幼稚得搞笑，变身巨人简直是蠢。最恐怖的竟然是音乐。又想起参观采访动物博物馆的反差了。,2020/6/26 0:35,3
3,我很喜欢巨人，但是这季疯狂插回忆观感不好。不好看，打三星都是手下留情。,2018/7/10 12:25,5
3,第一季：我可以变成巨人；第二季：他们也可以变成巨人。说来说去都是窝里斗，人类不行。,2023/5/27 23:07,4
3,希望莱纳他们可以回到家乡 拜托了 至于其他 大家都有要为之献出心脏的重要的人 各凭本事吧 人类也不算什么好玩意儿 阿明说的那番话卑卑鄙鄙的让我很不爽,2022/2/5 9:45,2
3,坑挖的太大，预期给的太高，但是剧情的走向却越来越无聊了，尤其最后一集简直辣眼睛，又是天选之子拯救世界的套路。,2021/2/13 15:52,1
3,没有第一季节奏那么快和震撼，基本属于慢慢填坑剥开真相的阶段。,2017/6/24 23:14,5
3,稳定走向烂尾了啊，这季完全就是滥用闪回，back story也烂，靠着副角色撑故事，但是没写好导致尤弥尔这个人物傲娇的简直就是莫名其妙啊。。。你整一季就靠她一个人的人物弧挣着，靠傲娇配圣母撑一个季，你是随便任意一部动画吗？你的良心不会痛吗？看的我真是尴尬癌都要犯了,2019/1/21 14:29,9
3,追逐、闪回这些都不偏软，扯得太久了，进入了动画片套路时刻,2017/8/6 13:19,6
3,这是我最看不惯男女主角的动漫了，一个圣母婊一个性冷淡女，。,2017/6/22 12:23,4
3,本季填坑多于挖坑，倒是不够吸引我了，另外艾伦本季并无成长。,2017/7/3 18:38,7
3,时隔多年后捡起续看，说实话有点对霓虹人的国民性感到震撼，怎么能这么又极端又懦弱又甲亢？,2023/11/25 22:38,4
3,"拖沓 以至于我看漫画都觉得比这爽
动不动就回忆 虽然漫画也是这样 但是作为动漫实在接受不了。",2018/4/23 11:09,2
3,第二季收获了一堆巨人人类~诶艾伦你好菜、据说你后来厉害了但是又变坏了、我裂开,2022/12/12 18:45,0
3,对两位主角的厌恶已经无法用言语形容。希望第三季能换主角==,2017/6/18 23:18,2
3,OP好听，但是我为啥老被带到《浪漫樱花》的调上？,2021/2/16 13:45,0
3,不喜欢这种在很多信息都不知道的情况下盲目行动。而且片中人类对信息收集重要性认识不够。,2021/2/24 10:17,3
3,先码，感觉没有第一季好看了呢。,2017/4/24 15:24,5
3,到了第一季出来时候漫画的进度了，按说应该与第一季合在一起的第二季，除了最后两话相当燃，前面有七八集剧情一直在拖，只能说合格水平吧。,2017/7/5 18:40,5
3,7分-，太磨叽,2023/10/3 0:34,0
3,看到第二季的时候，隐隐约约觉得，男主的故事线实在太像沙丘的男主了……另外，剧情展开和其他热血战斗漫太类似，一开始武力天花板是无脑巨人，突然男主开挂了，然后反派也开挂了，巨人遍地开花，巨人不但有智能还能开口说人话了，在不停的战斗中双方阵营不断提升武力，小boss中boss大boss，全靠敌人自曝才了解新情报，调查部队这么多年到底调查了啥啊……经常插入前面播过的段落来做回忆，显摆“你看我伏线埋得深吧”“你看我前后呼应呢”，who cares啊……,2023/9/23 14:52,1
3,E12 突然变得有意思起来了 21/03/07,2021/3/7 19:21,0
3,这一季讲了较多的配角故事，单元式讲述切断了故事主线的推进感，而配角人物前期铺垫少，情感力度不足。故事主线情节密度不够，悬念语焉不详。稍显拖沓。还有可能是翻译的问题，让我无法从台词去理解人物的动机。莱纳的精分印象最深,2022/12/2 18:41,1
3,节奏不断被倒叙打乱，人物行事逻辑越发混乱，但是，该热血的地方还真是燃得不行，高潮段落还出现了神之表白——是男人就要给心爱的女人围围巾啊，你喜欢是吗？给你围一辈子，多少次都围给你。,2017/6/23 13:06,5
3,按照进度估计拍到四五季，主角完全变成了归乡二人组和蠢萌伪装姐妹，整季艾伦都没怎么巨人化，完全变为间谍卧底大战。看完立马找剧透补了进度。,2018/4/1 19:00,2
3,时隔8年继续追剧情，当年的那种热血和震撼的感觉已经陨灭了。知道一切都是战争的阴谋之后，更加开始痛恨战争。,2021/10/14 20:33,0
3,看得烦躁死了。巨人是人类又怎样，看样子难道看不出来吗？汉尼斯被嚼碎又如何！三笠根本不在乎，那么无所谓众生不如和艾伦一起死啊。,2020/12/16 8:35,2
3,别人屡次对你手下留情，你每次对别人都下死手，就知道叫叫叫，还说什么无辜的人类这种话。巨人也就只是吃人，人呢？什么不吃？？？仅仅是为了饱腹吗？对其他物种剥皮抽筋敲骨吸髓各种生物化学物理活体实验！你屁股下的马不是虐待吗？因为人类强就可以凌辱其他物种，那么巨人吃人，按照人类的逻辑，哪里有错啊？有仇就报，还要满口仁义道德，我呸！我在等三笠变身，还有尤弥尔希丝特莉亚这条线也很感动，其它好吵,2024/12/5 19:03,0
3,这一季好像没有特别打动我的地方。,2021/4/23 3:40,1
3,主角最后又开挂了，这他娘的。不如第一季啊。盲猜猿之巨人是主角老爹。,2020/7/26 15:51,0
3,剧情比第一部好点，最起码能看得下去没那么无聊了。男主艾伦依然不讨喜，关键时刻废物一个，人都死了才爆发洪荒之力，只会大喊大叫，没看到人物有什么成长，空有一身主角光环。,2024/4/27 23:55,0
3,过渡季,2022/4/10 13:33,0
3,时隔八年回来看第二季，这一季等得久到它出来的时候我已经不看动漫了。最近碰上最终季放出以及Lockdown的持续，才和zing一起看一看下饭。几个角色每次到了危机时刻就正能量输出、自我洗脑、口中念念有词，有点审美疲劳，另外一些剧情竟然是靠台词的解释来推动的。节奏控制得非常古怪，大概是集数短且几乎每集有一个转折的原因，情节还是推动得很快的。但是每集中段因为穿插了太多闪回和人物内心独白，又显得拖沓。最无法容忍的是强行的价值观输出和几个角色不可理喻的行为和脑回路，还有强行加入的感情戏、煽情、幼稚的决心等都令人感到心理不适。而且兵长养了一季的伤，戏份太少,2021/2/25 7:36,2
3,"大爱希斯特利亚，不爱Mikasa了不懂爱。永远和你是同伴。

巨人就是人制造的，人杀巨人，就不能巨人反攻。还说巨人是恶人。玩双重标准。",2017/8/17 22:57,1
3,和第一季是同一个导演，4年后的第二季的制作水准没第一季好，静帧更多，大量采用3D绘制，可能是经费不够吧,2017/7/8 0:39,2
3,稍微强化了一下故事线，没讲什么12集就草草结束了，,2020/5/25 20:42,0
3,竟然忘了标记了···,2018/1/13 9:54,1
3,全程没理清楚这些人逻辑是啥，作画也不如第一季震撼。,2021/3/20 3:56,1
3,王道部分一团糟，但尤米尔部分直接拉升主题到另一个高度了，类似于X战警种族共存。加上结尾设定的拓展，打斗场面升级，其实是过瘾的很。那么前五集笨拙的铺垫也就可以原谅了。其实王道这种设定挖新坑的坏习惯，早晚要把自己玩死…,2020/4/25 22:58,0
3,到底是谁给艾伦的勇气当男一号的？易燃易爆炸的性格，打仗打不赢吵架吵不过，既没有人格魅力也没有大将风范，要不是剧情上急转直下的几个大坑，没准就弃剧了。,2020/12/28 16:09,1
3,注水成分挺大的。提前剧透：第三季艾伦又被抓走了。《进击的巨人》可以更名《拯救士兵艾伦》了。,2024/7/16 18:33,1
3,看完）第二季有点水，但还是屌的~！,2021/2/5 13:36,1
3,对白太多，挖坑更多（①铠之巨人背后是啥？②希丝托莉亚的血统啥意思？③兽之巨人咋回事？④村民怎么变成巨人？...）总结：这一部更多的是丰富剧中人物，回忆占多数...剧情其实没啥发展啊！,2021/5/31 20:44,0
3,虽然像是为了更为炸裂终章而生的过渡季存在，但不可否认节奏和整体感受比第一季好了很多。人类最大的愚蠢就是确认情感是真后的残忍。只有结果的完满，过程只需合理化的动机来填补即可。这就是这番不断反转受害者身份的意图和“心机”的地方。,2021/2/18 14:40,0
3,比第一季差一些，来龙和去脉都讲的不清不楚，从单季而言，无疑是大硬伤。应该比较深刻的尤弥尔线，到最后总感觉缺点意思，没有讲透「不应存活于世」的痛，显得纠结、犹豫、反复，最后献祭除剧情推进外亦无价值。而三笠更爽利得多，「我有更重要的人要保护，你选择她就连你一起死」。,2021/2/7 10:12,1
3,我大胆猜测：其实人类全员巨人/我晕,2019/4/3 8:15,1
3,看了第三集回来打分，承上启下的一集，本身中规中矩，没什么亮点也没有崩,2019/6/18 2:54,0
3,剧情开始拖沓，人物情感崩坏，明明是很悲伤的气氛，为什么我那么想笑~~~,2017/7/8 9:30,5
3,咦，原来甲铁城的卡巴内瑞也是荒木哲郎的。从第一部到第二部居然隔了四年时间。四年过去了，对进击的巨人的喜欢早已消失殆尽，没什么兴趣了，不过还是花了很快的时间把这 12 集看完了。下一部不知道是几年后了。,2017/8/6 18:45,0
3,和第一季一样，最后大战的两集最好看，也纯然是因为场面吧，然后每个角色的背景一定要这样一点点地抖出来吗，感觉有点强行加设定并且以此来不断刺激观众抱着解谜的心态看下去。当然不管怎么说是很厉害的创意了。,2024/9/16 22:17,0
3,最喜欢10话尤米尔那段太美了，音乐也很好听call of silence「再び目を覚ますと、そこには自由が広がっていた。仮に、運命ってやつがあるなら、その気紛れさに笑うしかなかった。自分に正直に生きようって」,2021/2/10 21:13,0
3,台词中二人设尬，情感输出全靠吼，各种立不住的感情线交替回忆杀，直到尤弥尔和希斯塔里亚开始展开正统霓虹味儿的卖姬，我就知道作者是真撑不住了。话疗专家阿尔敏，不打针不吃药，坐这儿就是跟你唠，剧情推动唯一指定担当。以上都属于技术层面问题，姑且保留作者为军国主义招魂的夹私嫌疑（误）,2021/2/25 18:20,2
3,初中的时候看了第一季，第二季出的时候已经高几了但是没看几集就停了。现在终于看完，说实话还是会震惊的发现艾伦的同期原来好几个都是巨人的时候。真的特别感动尤弥尔和公主那段。。ガチで你们一定要在一起応援します,2024/6/29 20:11,0
3,"3.6分。

第二季在世界观上拓展不多，可以说，基本是在沿着第一部的大设定在走。探讨的人物，也不是艾连和米伽三，而是满满百合味CP的贵族小公主和在野区冬眠多年的直女老妖精。

所以，本季算是一个过渡，重在打斗和追逐场面，也暴露了王国之外天外有天山外有山，后面的世界还很大。其他的都得等到第三季才能慢慢解答。",2020/8/25 14:06,0
3,本季最佳——最后一集埃尔文团长被巨人咬断手臂，九死一生之际仍然不断高喊“前进”！这季在继承第一季优点的前提下奈何相比第一季吐槽点也多：不喜尤弥尔和希斯特利亚占了大篇幅的“百合”情节；莱纳莫名其妙突然自爆身份然后一言不合开打也是看着铺垫不足，相当尬和突兀；最后汉尼斯大叔被巨人吃掉充当背景板给了艾伦和三笠情意绵绵的镜头，也是让人理解不能；艾伦“吼叫”控制巨人有点强行给艾伦套主角光环开挂的味道,2021/5/16 15:08,0
3,也是挺多意想不到的,2022/12/26 0:17,0
3,当初第一季就因为味儿不对基本弃番，不过现在找回来看，抛开对玩反套路玩魔怔以及意识形态上的鄙视，闲来无事当爽番过，这季也算及格的，毕竟荒木掌舵，分镜节奏都过关,2021/9/20 21:21,0
3,明年要第三季了，再见。,2017/6/18 17:10,1
3,这一季变得也太拖沓了吧,2021/11/21 1:29,1
3,【B-】直率来讲本季是最［不错］的一季，也可能是谏山创最差文笔和写人。几乎没有任何让我精神振奋的紧迫感和内容，刻意但单薄的角色塑造差点毁了一切。萨沙救村民刺巨人的刻意弧光回可以理解（只是刺巨人用燃系配乐渲染情绪就很多此一举），但三笠的特写就实在难忍，那种恨不得把艾伦吃了的病娇系十马脸真是让人犯吐（不禁想象这是不是也是谏山创的幽默写作之一），这也导致最后那场煽情实在是太作了，太无语了。至于莱纳贝尔，只能说最需要花笔墨的核心角色好像也就认真概括了［精分］的心理现状，但缺乏参考系的角色驱动力还是令我难以信服。这么看来本季最好的部分就只有尤弥尔和希丝特莉亚的角色弧了，平静、矛盾且自信的思绪和话语正是角色鲜活的证明，至少看到最后我也粉上这俩了（笑）。,2024/8/11 22:25,0
3,这么庞大的世界设定非要做成这种小格局 你们骨子里就不能大气点？,2019/7/30 8:34,1
3,第二季故事快速发展，世界观未披露的诡异开始显现,2021/3/1 13:02,0
3,这情节推进的速度，完全可以剪成60分钟一集,2021/9/23 20:54,0
3,"还好团长没祭，吓死个人。
艾伦能不能快点爬开啊😡，废物不要打扰三笠独美😡",2022/1/14 11:11,0
3,我还是喜欢第一季,2018/12/27 15:47,1
3,前一季剧情忘得差不多了，这一季主力煽情嘛,2017/7/2 23:21,0
3,感觉没有第一季好看，叨逼叨的东西多了，主角也分散了。等第三季吧。好歹是又公布了些机密。,2017/6/28 18:30,3
3,作画偷懒剧情拖都忍了，我家三笠ooc不能忍，几年后就搞出这种东西,2017/6/23 3:02,0
3,人设不够立体，简直每个人一个执念，理由是给了，但撑不住，剧情十分有限，打斗场面众多，多的是渲染煽情，每每急赤白脸的，看的尴尬，不过至少转乘还是挺好，即便舍不去俗气的主角光环也能花样百出的九死一生，个人觉着配音略略用力过猛，不过那也很厉害就是了。,2018/9/12 23:27,1
3,看得真累,2021/4/26 15:07,0
3,🎵心臓を捧げよ!,2019/4/23 11:21,0
3,差上一季太多了，现在只能靠卖卖剧透来保持张力，完全没了上一季节奏上的紧凑感，几乎沦为普通番，还有尤弥尔和克利西斯之间到底是什么鬼。。。三爷居然给艾伦表白了？！还在这种要命关头？！编剧可以去喂巨人了。。。,2017/6/18 21:17,3
3,不提漫画多神，第二季的动画制作还是问题很大，最后几集磨磨叽叽的整段垮掉。,2020/12/12 21:32,0
3,S2E5,2022/10/19 8:13,0
3,之前看了这季的剧场版了...嘛，原来剧场版是把12集拼起来阿...,2019/8/17 19:39,2
3,拖沓又冗长,2021/3/20 13:41,1
3,巨人通货膨胀了，104期生人均巨人罢了。,2021/1/23 15:01,0
3,节奏太慢，感觉没第一季好,2017/8/13 22:33,1
3,过渡季，悬念没多少推进，文戏依旧很差，而且一下子出现三个新的巨人，情节有点不妙的预兆啊。,2019/6/23 20:59,0
3,"兽之巨人出现，铠之巨人和超大巨暴露，尤弥尔和希斯特莉娅分离，艾伦控制巨人扭转局面，团长他们发现巨人的来源。
米克被吃那里是阴影了，到现在看都有点惊悚。有男凝镜头，还有那个喊“爸爸”的女性士兵，有点恶趣味，不适。",2023/11/22 13:22,0
3,前一二季铺垫极限拉扯——本季没有地下室，全情人物小传细节。后期为尤弥尔篇。,2022/11/21 16:02,1
3,這季的反派看起來弱智不少，用了一季鋪陳的凱之巨人和巨大巨人，最後卻沒有符合他們氣質的能力，我能明白他們對於身分的無奈，但是他們所追逐的使命，應該變成巨人後要變得更果決。而且，主角一行人的主角光環也太假了，完全失去了第一季那種對生命的不確定感。,2023/8/30 10:18,1
3,作畫比第一部用心。但是劇情文本真的看不下去，緊巴巴的仇恨與糾結的情感線，可以感受到作者內心無時無刻的巨大苦逼狀態，這樣的日漫，不看也罷。三星只給作畫。,2017/8/17 22:58,1
3,地下室还是没去，然而我是一个真相没有头绪就无法投入地看他们打架的人……除了吃人这个缺点，睁只眼闭只眼的话，巨人们还是不错的！,2021/6/1 19:35,1
3,太拖沓了，2倍速看了几集实在受不了，看了剧透，原来是烂人斗烂人的故事啊。2013年那个痴迷利威尔兵长的我，现已离二次元越来越远。,2018/8/1 17:24,2
3,太久了，没有原来的冲动和激情了,2017/8/6 23:59,0
3,画画水准下降了嘛！不过剧情一如既往爽快，甚至爽过头了，全程打打打打打打~后半段揪出内鬼后，感觉接下去才进了巨人故事真正的主线~,2021/3/18 15:06,0
3,"有不少亮点，但很疑惑动画（漫）迷口中的「神作」，究竟指代什么。在我看来，此作和钢炼类似，有亮眼之处，但语言节奏极其缓慢，有大量的无意义中二台词，有大量的不应该以台词方式呈现的心理活动（你一定要喊吗！啊啊啊啊）。此三者的结合，导致几乎所有动画作品都必须两倍速，而且都不少有无法忍受的必须快进的情节。
其次就是完全不应该呈现的奇观，比如硬扛巨人一掌这种奇观，就如同银魂里阿银硬接夜王一伞，不仅毫无必要，而且几乎一下把我打回真实世界——呐，我们动画都是闹着玩，你可不要当真啊。
上述问题今敏作品中完全没有，宫崎骏作品中较不明显，所以问题并不是动画这一形式所带来的，而是创作者一手造就的。",2021/1/25 22:04,0
3,有意思，但是这集数也太日本了吧。,2017/7/3 2:46,0
3,后半季观感一下子垮了,2024/5/30 23:37,0
3,202008,2020/8/19 17:29,0
3,有一阵没看然后扫了点漫画的表示…之前有一篇预测非常准…巨人的秘密，还有影射种族隔离,2017/6/20 9:57,0
3,不知道为什么那么火，耐着性子看不然不好武断评论，不觉得故事情节和设定值得这么高分。,2017/11/5 22:00,1
3,巨人官方第三季预告片（大误）,2021/3/23 20:12,0
3,回过头来，把它当成一部只有三季的剧，这还不错。起码三笠没变丑。,2022/11/1 20:12,0
3,这一部有所逊色，为了承上启下，有些桥段设计得太硬。（75/100）,2024/9/3 11:40,0
3,快进着看完,2023/11/29 20:29,0
3,墙壁是巨人组成的？巨人也是墙内人？有智能型巨人的存在？,2018/1/24 14:09,0
3,逐渐无法共情，放弃在割裂的动机里寻找意义。人物塑造靠不断闪回，但两集时间根本不够立起一个鲜活的人物，怒吼和独白有时不如一个简单的动作冲击力来得大，倒数第二集塞了太多无效台词。,2021/5/14 21:36,3
3,太慢了,2017/6/19 13:19,0
3,乱七八糟屎一样的节奏,2017/6/19 1:13,0
3,把第一季已经忘得差不多了，第二季也没讲个什么，巨人版无间道么,2018/2/26 11:28,0
3,这个信息量，感觉看了一场电影。,2021/7/25 16:29,0
3,就是人吃人人杀人。,2018/9/18 20:29,0
3,墙壁的设定很厉害，可就中间一直闪回，还有一聊天儿也能聊一集的情况，且刻意对很多东西语焉不详，设计悬念的手段很不高明。,2019/7/18 13:55,1
3,感觉并没追出什么实质性的进展……,2017/6/20 0:52,0
3,这一季节奏好慢悬念太多....已经忍不住找漫画党剧透光光了....亮点是Ymir和krista的CP,2017/6/19 0:27,1
3,换言之艾伦争夺战罢了。阿尼动了恻隐之心却被阿尔敏发现，这也算讽刺吧。越来越突出的是，智力担当阿尔敏，战斗力担当三笠，吼叫热血担当便是艾伦了，战斗力不行，智商堪忧，动不动就怒吼冲上去被人掳走，好像除了怒吼没办法突出主角了，这样很烦人啊，反正他死不了，我有的时候想把艾伦头拧下来当球踢。如果不是主角光环，老爹给力给了艾伦巨人之力，大概三分钟以内就跟挂了那些跑龙套一个下场了。第二季片尾倒是透露了不少情报，但是ed太难听了吧，受不了。我觉得第一季能火起来，与红莲的弓矢这首op给力，是分不开的。所以音乐影响心情，不能不重视,2019/10/1 15:52,0
3,大概就只有不到六集的干货。。。,2019/9/16 9:56,1
3,看到这里我还是不明白艾伦为什么对巨人有这么强烈的憎恨。巨人弑母之仇，那你就去找那个具体的巨人报仇，杀光全部巨人这种脑残理论，你自己不也是巨人吗，先自杀吧。这种抱团直接划分敌我阵营的天真想法，果然被类型（青少年喜欢的暴力）限制住了。我要行动了，先回忆一下我悲怆的过去。╮(╯▽╰)╭,2017/6/12 15:43,2
3,如果一直是这种模式 确实看起疲惫 兵长确实很可 艾伦有点烦 三笠太好了！！,2021/4/10 17:56,0
3,隔得时间太长了都有点忘了1的内容了。。就算补了影评这整个大背景也让人啃得很无力。艾伦越来越混了，又冲动又没把握。这可能就是所谓的“巨人”吧。三笠的存在感最后居然变得有点骨科是怎么回事？- -,2018/8/1 23:40,0
3,真jb啰嗦,2017/4/30 23:46,1
3,唉，第一季给我的震撼感不再......,2018/2/9 23:44,0
3,其实真的挺好看的，但最后一集米卡萨的表白整得我仿佛看见了香蜜男主角（x,2021/1/30 15:48,0
3,第一件好看假期的话，看到现在打算放弃了，因为感觉他们一直都是很小孩子的想法，也留不下悬念,2017/6/1 15:19,0
3,第二季竟然评分这么高只能说大概也许以后巨人可以成为天朝特供，毕竟第二季真的不好看，销量右得也算是右成新时代的史诗了来着,2017/6/4 21:14,1
3,神他妈会拖剧情……唯一的亮点是百合吧，团战也是唯一分镜正常拍得好的战斗场面了……,2017/8/11 14:29,2
3,节奏还能再慢点吗？艾连真的烦(^^),2022/4/26 10:58,1
3,进度好慢～,2017/6/18 23:03,0
3,太他妈累了，只会挖坑，不填坑，算什么！fuck,2018/7/18 2:06,0
3,看不下去……,2020/7/3 0:00,0
3,男主更废了，让人浑身不舒服,2018/3/3 21:34,0
3,制画1分，分镜1分，故事架构1分，音乐1分，原著还原1分，艾连人设-2分。,2017/5/22 2:08,0
3,"距离看第一部快有4年了吧？
总感觉剧情对话等方面有点中二...
貌似动画里很多细节都还没讲，漫画里很多都提到了，所以没看漫画看动画的会觉得很莫名其妙...",2019/4/30 20:31,0
3,中段比结尾精彩 整体上比较平淡 画工依然精致,2024/1/23 20:45,0
3,人人都苦大仇深，人人都情绪激动，这样真看得尴尬。第一季是绝望到压抑到爆发，第二季变谍战风格了。,2017/5/8 0:06,1
3,三星半。2023.11.22至11.23看完。,2023/11/23 23:09,0
3,逻辑太差。,2017/4/22 15:12,0
3,虽然已经被剧透到第三季演什么都一清二楚，但并不妨碍这部动画带来的震撼。绝望和羁绊，悲剧性和怜悯心的强烈糅合。。。。,2018/9/7 0:15,0
3,都四年了？时间真快啊。像之前一样凑热闹看了一波，不过真不是我的菜，设定也有种说不出的奇怪和单薄，就不追啦,2017/4/6 8:55,3
3,没第一部好,2020/12/14 23:04,1
3,额这个画面还是那样就有点不好了,2017/5/25 20:17,0
3,还是没看懂...,2020/12/28 21:59,0
3,要不是因为片头曲，哼,2020/11/12 12:37,0
3,看漫画的时候我就不明白，为什么莱纳在城墙上直接袒露自己是巨人的身份。动作场面是精髓，但有些三观真的呵呵，2倍速补番,2021/3/13 17:53,1
3,"战斗和音乐都没话讲，确实很棒。
一个疑惑：既然可以把其他角色塑造得有血有肉有成长，那么艾伦和三笠为什么一直都是个智障儿？艾伦除了“去死去死去死去死我要把你们全杀了去死去死”三笠除了“艾伦”还有什么？要不是艾伦你爸给你打了针巨人挂，成为男主真的让人很为难，总之糟糕透了的男女主设定。
剧情推进也是像挤牙膏，挤一点就开始装死，“都给你们观众透露这么多大秘密了，我们先歇一歇，回忆一下过去吧嘿嘿”🙂
除了以上两点，其他的也没什么大问题。",2019/6/13 14:45,1
3,7.0。这季水了。,2017/6/18 16:58,1
3,隔太久，没意思了（。团长这咋感觉像老了15岁……昨天和诺酱讨论了一发都觉得作者调戏观众和读者感太强，的确，有点强行。,2017/7/4 15:33,0
3,简论艾伦的格斗技巧：1.被对方打趴下。2.内心ost半分钟。3.被对方打趴下。调查兵团可以改名叫“艾伦保姆团”了。最后几集简直是崩坏，除了一群人嘚啵嘚嘚啵嘚啥都不剩。这种史诗向的动画最怕的就是被感情线缠住，本季就是例证。,2017/7/26 20:48,2
3,主角团给我的印象跟路人似的，厌蠢症犯了。,2024/5/4 12:32,0
3,把每个人独白拼在一起都能占整个篇幅的三分之二了。。。故事不能这么讲啊。。。,2017/6/21 21:16,0
3,剧情就有点尴尬,2017/8/11 19:15,0
3,比第一季的精良度差好多，男主嘴炮功力快赶上电磁炮男主了，什么坐标之力，根本就是嘴炮之力，把我气得。。,2018/1/6 2:00,0
3,节奏也太缓慢制作太粗糙了吧！,2020/12/12 15:40,1
3,无语,2020/3/10 3:28,0
3,第二季感觉少了第一季的紧张和悬念，多了那种喊喊口号的信仰？不是很喜欢。,2017/6/25 12:13,0
3,.不是他变了，是我变了,2017/8/2 23:19,0
3,。,2023/7/31 10:23,0
3,男主艾伦的无脑热血好烦哪。这剧的巨人世界观的层层推进才是吸引人的地方。,2018/3/18 15:12,0
3,第二季也好看,2024/12/27 21:02,0
3,好拖……,2020/5/9 13:59,1
3,想起来为什么对巨人一般了……就是因为巨人太辣眼睛了。当年觉得巨人也就一般吧，现在和新番相比，这部作品有着难得可贵的真诚与质朴。,2021/3/14 13:25,0
3,通宵看完，其实有点莫名其妙。,2021/2/13 6:23,0
3,在熟悉画面和音乐之后（不那么害怕之后），我又有逻辑了，而且剧情也不快。日本动画在这种脱离现实世界，创造一个世界的设定之下，显现出非常日本的一面。岛国，脱亚入欧，血统论，战争各方没有正邪之分，友情高于一切，人民愚蠢而英雄创造历史。血统论，不论是海贼王、火影忍者还是进击的巨人都是如此，以为是个人努力得到的，其实都是血统。日本社会中，许多地方官员都是可以传代的、即使不传给血亲也逃不过门阀，像现任首相菅义伟也是这么上来的；学阀也很严重；大公司的工作也极其强调忠诚，像一种社会的潜意识，封建的残留扎根得很深。第三季也看完了，第四季看了一集，弃,2020/12/10 9:57,1
3,我个人认为动画化三季中最差的一季，剧情变得没有第一季紧凑，无意义或莫名其妙的台词变多。,2020/10/21 21:28,0
3,这季给我一种过于幼稚中二的感觉 差点弃了,2024/12/29 23:19,0
3,第二季各种剧情跳跃，看的我都傻眼了。。。,2020/10/28 19:21,0
3,能画出这么多丑东西也是一种能力,2023/11/18 14:44,1
3,第二季尽管很短，但故事的进度却意外的大，一口气推进了很多谜疑点，也将故事引向了高潮的第三季。,2024/1/23 22:59,0
3,水的一比。,2018/8/20 19:22,0
3,雅典娜艾伦(ㅍ_ㅍ),2017/6/20 20:14,0
3,第二季本来以为可以减少疑惑的，结果谜团越来越多，人设还是一如既往的单薄，音乐也没以前的好听了，要是有第三季不想再看。,2017/7/7 12:58,0
3,看了一半终于想起来当年为什么没继续追漫画了，#艾伦是傻逼#,2020/2/20 0:55,0
3,大量的倒叙，有点痛苦,2024/6/12 15:05,0
3,23.7.16 我反正get不到,2023/7/16 20:32,1
3,把我们的血肉铸成我们新的长城,2021/2/11 0:44,0
3,坚持不下去了,2018/4/13 11:02,0
3,和第一季没得比，而且艾伦这个角色真的太弱智了。,2017/6/7 15:34,0
3,故事推进太慢，把冗长的打斗缩减一些来叙事会更好。,2017/9/12 12:01,0
3,完全没有第一季好看 各种内心戏大独白 神烦尤里尔和克里斯塔这一对 天天百合到不行还不承认 一点也不甜 唠唠叨叨 无聊的要死,2018/10/5 16:22,0
3,依旧讨厌男主的设定，艾尔文团长如何得知他可能拥有坐标之力？又怎么敢赌上全兵团的性命去救他呢,2023/7/6 23:21,0
3,我就心疼让,2017/6/18 13:56,0
3,怎么感觉墙里墙外的同族，但凡有意识并且愿意为自由而战的，都在自相残杀？,2021/1/12 12:59,0
3,这一季是漫长谜题揭开前的过渡，有点让人为之捉急啊，内容少了点，期待第三季。,2023/11/20 21:09,0
3,莱纳都精分了...三笠还是这么帅。所以最终，都是人类和人类的战争啊。,2021/2/13 21:08,0
3,揭秘太慢，忍不住看了剧情梗概，现在连冰山一角都还不到，得多久才能完结啊,2020/6/29 19:27,0
3,女同竟在我身边,2020/12/4 17:43,0
3,掩埋之下的真相有点看头，剧情什么的真的还好吧,2020/12/10 14:29,0
3,真是好拖啊……除了前后4集基本都是拖过去的，台词太用力了,2017/6/24 23:38,1
3,挺不错的,2017/7/14 11:01,0
3,我觉得真的很中二啊，艾伦的愤怒和呐喊大多毫无意义，其他人物的表现哪怕放在其他二次元作品里也毫无出彩之处，可为什么就是这一部变成大IP了呢。非漫画党，两季隔了太久，已经忘了第一季的内容了囧，不过我还记得当时是在深圳，嗯。,2017/6/20 1:27,0
3,虽然少了很多废话，但在第一季的基础上并没有拓展太多，期待第三季铺开世界观,2019/6/10 19:44,0
3,乱,2017/7/9 15:41,0
3,最不喜欢的就是这部了,2023/4/13 11:42,0
3,巨人好看 男主降智,2024/9/13 2:26,0
3,“我初一扛把子卡艾伦，定要把你们高中部的钢铁铁和巨大大轰杀至渣。”“哇，还真有人说这么中二的台词耶。”队友就这样完成了官方吐槽，跳级去了对面高中部。,2017/6/24 19:36,0
3,中间略显拖沓，结尾好评！,2021/9/8 1:10,0
3,主角依然不讨喜，一直挖坑中，剧情推进慢。145293/9.5,2023/6/4 15:07,0
3,已经忘记第一季剧情了,2021/4/18 20:26,0
3,继续等下一季,2018/1/3 5:56,0
3,艾伦好吵艾伦好吵艾伦好吵,2017/7/13 22:19,0
3,看了漫画的人会觉得导演你就是在故意拖时间，一画拖一季？？？气愤,2017/6/21 20:26,1
3,别唠了，有空去地下室看看吧。真的。,2024/4/4 10:44,0
3,"随着阴谋渐渐浮上水面，谜团越绘越大，却愈来有些作茧自缚的趋势了。一季虽然各方面设定及展现略显单薄，尚且可以向诗史级靠拢，这季却不尽人意。第一季出现的所有的boss都十分巧合地同艾伦一届进入训练兵，甚至一个军区（可以肯定的是他们提前并不知道艾伦可以变成巨人更不可能知道他就是坐标）？一季尤弥尔和女神虽然戏份不多，因为尤弥尔的那句我们结婚之类的话一只印象挺不错，到了这一季在场还活着的诸位乃阔三爷和团长，都有一股浓浓的“悲伤逆流成河”风。
汉尼斯大叔从第一集登场就注定是这样的结局吧！
三笠仍没有吻到她的艾伦小天使～
团长要黑化的节奏？
这个BGM超棒！《attack音D》",2019/7/15 10:06,0
3,战斗太太太多了，以至于我都不懂为啥调查队的人怎么还没死光……,2024/11/4 22:16,0
3,这一季推进好慢 有些推理和反转好生硬啊 有点看不下去了,2024/3/8 0:46,0
3,老实说巨人的后期展开真的很…过于在意解谜而不是挖掘人性，在后期就不如东京食尸鬼良心。,2017/7/11 16:44,0
3,太中二了吧… 男主真是令人讨厌呢,2020/5/26 18:38,0
3,离真相越近越觉得没意思了，这算不算失败？,2017/6/18 17:08,0
3,7,2020/8/18 13:44,0
3,A l'X,2022/9/19 0:15,0
3,人物刻画方面很一般。剧情拖沓，大量的滥情戏，某人随时随地爱上某人，为某人献出生命，动机解释幼稚不合理，艾伦随时情绪爆炸大声喊叫，毫无成长迹象，计谋策划幼稚或者随意跳过，在人物个人感情方面过多着墨，很明显的是，作者在第一季当中做了一个好的开头，但是没有考虑后续的剧情怎么写。所以到第二季用大量的人物感情戏来填充十几集的内容。,2024/8/11 11:25,0
3,补番,2021/1/22 7:29,0
3,第二季节奏比漫画好太多了…,2021/3/16 21:08,0
3,可能因为巨人设定难得暗黑的合我胃口，对其情节我格外挑剔吧，最后两集一直在默默扣分。比如刚说完“人类存亡在此一刻”台词的团长下一秒就被咬断手这也太恶意满满了吧喂，除了三笠人均废物的调查兵团请把军粮还给老百姓谢谢，以及前面杀心巨重的黑化三笠（who i stan）最后却满脸红晕+恋爱脑柔光看得我也是捏碎了拳头，还有空中旋转三圈半仿佛在体操比赛的希思塔莉亚......只有切开黑的阿尔米一直稳定发挥，不愧是n年前我一眼看中的小三！（不是,2021/2/14 8:39,1
3,可能是因为以前追了漫画知道剧情了的缘故，太啰嗦了，动画质量也不如以前,2019/5/31 13:35,0
3,思路又清晰了一些，内鬼巨人继续增加。巨人和巨人之间，艾伦和金发妹子与巨人之间，惊天大大秘密究竟是啥,2021/1/7 22:57,0
3,这走向难道又是科技发展分歧路线么...尤其尤弥尔被推下去变巨人那段城墙下的光...巨人化作为一种刑罚手段...还有那时的教派纷争...其实就是现在墙内的那个宗教么..."要互相理解共同和谐共处"...,2017/6/18 11:44,0
3,只是铺垫吧，相较于第一季非常无趣,2019/7/20 7:27,0
3,话痨而无趣，可惜了。,2017/12/23 0:59,0
3,和第一季没什么差别啦 1.5倍速看正好,2017/7/15 22:49,0
3,我看不懂了，尤弥尔到底是哪边的…？,2023/6/29 19:16,1
3,除了作画到底好看在哪里,2017/11/22 9:21,0
3,这一季终于开始日漫惯常的拖沓了。人看文艺作品就想看其中的想法、道理、创意这些，不要为了长而长，或者为了成一个剧集而把本来可以简短的内容膨胀成剧集的形式。人类观众都是牺牲生产生活时间汲取你们传递的价值的，不要造成过多的浪费呀，バカ,2022/8/25 4:43,0
3,打打杀杀,2024/1/10 10:08,0
3,"第二季终于有点意思了，这个战力系统全靠热血是吧。
  感觉导演也知道我记不住人，每讲一个人就要拿一集来个回忆，假如说做成伏笔会不会更好。
  一直等问题回到人与人之间，结果一季只等来俩小罗罗，三笠都给搞成背景了。还有那一股子百合味，感觉主创们是真熬不住
  一直热血热血，是我太老了吗，而且一个这么压抑的氛围，怎么看的我想笑。
  我都不知道咋和同龄人说，我看了进击的巨人。。。",2024/7/12 1:01,0
3,虽然集数相比上一季直接砍一半，但节奏叙事反而更拖沓了。又在救艾伦，又在疯狂挖坑填坑，还好一口气看完，不然就疲软了。,2024/1/10 16:21,1
3,进击的巨人，呐喊的艾伦，喊道我头疼。作者赋予了除了男主之外所有人智商。,2024/1/22 1:51,0
3,这一季平平无奇,2022/1/2 19:39,0
3,制作再精良，架不住空旷的剧情，但凡推进一步都要生拉硬拽上嘶吼、泪水、回忆杀及英雄末路，第二季里越英武的人死前越绝望，如果第一次能赚到我的泪水，第二次能让我唏嘘，第三次让我叹气，那第四次第五次六次七八九十次……无感了。只期待“不做人”的子安多多出场。,2017/12/8 15:31,0
3,"有点看谁都是巨人都是卧底的感觉，-_-
完全为第三季的政斗做铺垫",2022/11/21 14:26,0
3,无聊的作者性体现在反复强调配角死亡时情绪崩溃、胡言乱语的惨状，即便生前立下无数英雄的誓言，被残忍而丑陋地吃掉时仍旧恐惧到屁滚尿流，这种情节的重复，既有作者对丑恶的偏好，也更着意在刺激读者，使读者认同这般丑秽就是事物真相，然而无非是再一次地暴露了日本作者常有的阴暗与小气,2023/6/4 12:59,1
3,基本上沒看兩集就去百度搜設定了，不得不說比預想的宏大一點點，但能不能圓清楚哦....主角們依然孜孜不倦地惹人討厭著（微笑）啊啊，話說坐標真的是落到最不應該拿到的人手裡了，切。,2017/12/25 21:04,0
3,唉 漫改动画还是差很多啊 不过我们mikasa还是一如既往地又强又美！！,2018/3/24 18:35,0
3,大概摸清了巨人的套路 每集结尾制造悬念依旧上乘 整体缺乏亮点 开始这一季前错点了第三季看了五分钟毫无违和 可见这一季真没讲啥,2020/8/26 7:52,0
3,对男主的观感已经从又菜又吵又爱玩变成了精神病人真可怜。强如三笠却要围着男主打转给男主当妈，只能说男主光环确实是个好东西。,2022/9/21 11:53,1
3,第一季看的很新奇，激动，第二季就有点淡了。还是不错的，里面一些意想不到的人竟然是巨人，很好奇，这些人到底是为了什么。有的画面是真的血腥，两对人，尤弥尔一对和艾伦一对，他们之间的羁绊很深，为了对方可以付出自己的生命，尤弥尔她们看着都像百合。,2019/3/6 9:09,0
3,传说中的一手好牌打得稀巴烂，我都不知道该怪谁了,2017/10/17 1:12,1
3,补评，巨人前三季唯独这腰斩的第二季在我这是不过关的。没第一季惊艳，也远不如第三季深刻，有种没头没脑四不像的感觉。,2019/7/8 15:41,0
3,来回的拨弄绝望之弦已经不再有意思了,2019/10/27 21:11,0
3,嗯为什么我觉得剧情有些跳脱，居然巨人就这么一个个冒出来了,2024/3/24 20:11,0
3,质量差。下降严重。,2019/6/10 9:21,0
3,回忆也太多了点吧。,2019/11/12 21:28,0
3,类似 34 集树上尬聊的拖沓废话还真不少,2021/1/22 17:26,0
3,纯属拖进度的一季，温情牌什么的偶尔拿出来锦上添花就好了，从头到尾腻腻歪歪你们烦不烦啊=_=,2017/6/22 21:01,0
3,不知道是不是我选择的字幕翻译不太好，错别字很多就不说了，有些翻译出来就感觉怪怪的🤨尤弥尔的自白部分偶尔有尬尬的感觉，还有团长的战前动员和战时冲锋部分，给我一种“大快干上”的感觉😂然后回看13年标记的第一季的短评，嗯！那个时候我就很讨厌主角三人组了😃,2020/12/13 0:25,0
3,剧情太紧凑，连剥个瓜子的时间都会跟不上剧情！越酱说：每次觉得自己苦的时候就想想巨人里随时会被吃掉的人们……,2017/11/27 21:22,0
3,埋了好大的梗，这季是2017年，这得拍到啥时候啊......,2018/8/14 9:11,0
3,艾伦的角色没有什么魅力。感觉挖了很多坑后面不一定能填上,2024/9/22 1:26,0
3,"十年前看过第一季)本来说不想看进举结果朋友逼着看，好吧看了感觉真的是一场酣畅淋漓的作者血腥恶趣味/领导时时正能量金句/敌我同源小林阿姨舒适区的集合体
当然客观来说可看性是不错的，各种爷们要战斗遭遇战和卧底是谁悬疑剧情也不能无聊到哪去
第六集莱纳我铠他超真的有点蠢又有点萌，浓浓的乡愁和浅浅的同学情导致的精神分裂症，有点明白来嬷为什么多了
阿尔明话疗好烦原来你真的是明人
一切矛盾到最后解决方案还是亲故你爱我我爱你蜜雪冰城甜蜜蜜，意味不明的百合/婚之巨人/艾伦独属女武神，画面爆炸内容小家子气满满🙀就看到三季吧给作画个面子",2024/5/2 21:24,0
3,一般般，故事加了水，太淡,2021/2/25 0:38,0
3,前两季真的墨迹,2023/11/16 12:47,0
3,"和第一部的史诗感差的不是一点半点啊，怎么突然搞成了悬疑剧，还有第二部的叙事没第一部流畅了，比如为了剧情需要，说没时间让主角穿上机动装置了，再紧急也不差这几分钟，每个角色的刻画功力弱了好多，最后男主不能变身太扯了，为虐而虐，再不行也可以用三笠的机动装置上啊。
总体观感是格局小了，本来很宏大的叙事线搞成了悬疑片，整整一部几乎什么都没讲，就渲染悬疑气氛了，剧情没怎么用心。
不过既然已经入坑了还是继续追第三部吧，毕竟太喜欢第一部了，万一又有惊喜呢？",2020/9/11 23:06,0
3,艾伦真烦人,2020/12/10 18:16,0
3,一贯属于日漫毫无头脑的热血主角,2024/4/4 13:15,0
3,我心里评分在7分的样子，怎么也喜欢不上菲佣一样的女主和大喊大叫的男主，油米尔保护不了金发女为啥还要抢，人类盲目送了一大波人头就为了引出金发巨人也是人变的嘛，艾伦在人类里和家畜有什么不一样呢，努力贡献自己保护主人，主人一面把他利用到底也尽可能给其包容和爱，一旦安全性不能保证就会有生命危险,2022/3/11 10:58,0
3,当我刚认识一个角色，没几分钟就无了,2023/3/9 22:39,0
3,没有想象的满意，莱纳的设定就像好莱坞电影中，被苏联洗过脑派往美国卧底的间谍.........对第一季的好感快被消磨掉了,2021/2/14 15:47,1
3,衔接前一季，又给下一季铺垫。12集却是有点少啊。,2021/3/5 12:42,0
3,剧情也还没展开，艾伦和主角团并没有很大的成长，只是强化了一些性格特点。又留一个大扣子。,2024/2/26 10:19,0
3,"故事推进了，主角还是二逼。
其他人都会思考，只有主角只会吼。
那么多年了，厉害的也就两个人啊。",2021/3/19 18:57,0
3,这个世界没有神啊魔鬼啊啥的真是太好了。,2018/5/14 18:19,0
3,平庸之作，找不回第一季的感觉，弃了。,2017/4/16 20:46,0
3,剧情拖，底子还在,2017/5/14 17:29,0
3,跨年补番。 内容早在13年时都看过漫画了。当时觉得内容逐渐离谱，生怕坑太多填不完。现在回看才知道，这个时候的内容还算靠谱哈哈哈。,2021/1/3 3:12,0
3,大概两天就看完了，剧情没啥进展，只是越看觉得这格局真大呀，大到驾驭不住了可咋整。,2019/3/22 19:13,0
3,2017.6.23 离真相又近了一步,2017/6/23 23:57,0
3,强行反派让我黑人问号脸，不突兀么？并且这动不动就没必要的倒叙手法和频繁回忆杀让我想快进。。。最主要作者留了这么多悬念，我很怀疑后面能不能都交代清楚（日本好多都是前期悬念设的很吸引人但后面烂尾），能的话回来改五星,2019/5/12 19:15,0
3,粉丝们稍微冷静一下，，，真是一部永远也不会喜欢的动漫,2017/4/2 21:10,0
3,怎么说看这种血腥战斗番真的是要做好除了两个主角暂时不会死，其他人分分钟尸首各异血溅屏幕的准备吧。剧情进展缓慢，都是打斗场面，然后说墙内没有洞还是出现了巨人，这不就证明了有些巨人就隐藏在人类之中吗。这些人怎么反应这么慢？艾伦都可以变成巨人，其他人为啥不可以。还有阴谋家利用这个力量在正常人中安插叛徒，让人类自相残杀，排除异己。这很难想吗？搞得故弄玄虚的。但是除了像艾伦一样不知道自己有巨人之力的，其他知道还隐藏的，真的洗不白，完全是为了自己的利益。没啥好说的。尤弥尔跟三立是一类人，知道保护自己人，但更多的不想管无所谓。艾伦又是日常无脑怒吼为了报仇红眼，主角光环护体获得力量，全剧在人物深度塑造上真的很差，就战士为了目标献出心脏。对，然后呢，能不能再动脑找叛徒啊。巨人真的杀不完。战斗画面不错。,2021/5/30 4:10,0
3,Its ambitious world building is barely held together. Somehow ends like Matrix Reloaded (2003),2023/12/21 4:00,0
3,八百年前追的番重新撿起來看發現，撿東西這個動作還是少做（,2022/2/2 21:22,0
3,太拖沓了。巨人是人类变得，让人想到魔法少女小圆和新世纪福音战士，又是一个巨大的悲剧。,2017/6/26 0:24,0
3,哈哈哈哈 故事又得下季讲 主人公的能力和传教士里一个套路么,2017/8/14 4:05,0
3,追不下去了,2017/11/7 15:17,0
3,米卡萨跟漫画里一样丑，想哭 // 神他妈完结了？？？,2017/6/25 19:10,0
3,三星半,2021/1/20 0:12,0
3,这季就剧情来说感觉一般。也就最后引出的始祖巨人有点意思。,2018/10/26 13:50,0
3,基本完全继承了第一部的优缺点，调查军团的视角使得剧情推进，但过度解释性的内心戏part也在愈演愈烈……这一季我们知道：有脑子的巨人很多，全是这届调查兵团的新兵，而且就艾伦啥也不知道。。静等填坑。,2020/4/2 2:15,0
3,这是什么过渡剧情节奏突然低迷,2022/5/8 21:00,0
3,通病,2018/1/1 10:36,0
3,其实没那么好看了，等了四年期待太高。只希望下一季不要再等四年,2017/6/26 2:35,0
3,开挂少年第二部，这次好几个人一起开挂哦，而且基本主线就是围绕着他们如何开挂、为何开挂。城墙上二人组“出柜”的戏真是于无声处听惊雷，张力十足。整部下来悬疑也还不错，毛巨人太吊胃口，尤米鲁略扯。三姐于最终话贡献最娇媚神情。期待续集,2017/6/19 21:52,0
3,承上启下,2021/3/2 15:06,0
3,这部变温情向了吗，还有就是废话也太多了吧……,2019/1/13 20:14,0
3,没第一季好看 可能集数少了的缘故,2024/11/15 2:49,0
3,有点久了，记得当时看完很生气，这就完了？,2019/7/2 18:33,0
3,2022/44,2022/3/20 23:36,0
3,有点失望。艾伦仍然吵闹又啰嗦，毫无智商的草包一个。我也承认他意志坚定勇气可嘉，但是稍微用用脑子也不难吧…城墙上和莱纳、贝尔特对峙那段看得我气死了，三笠都冲上去杀人了，你还没震惊完？还不敢相信？得缓冲多久啊到底？人都要跑了你想起来变身打架了？三笠依然是人狠话不多的女杀手设定，但是！最后一集？？战场上告白是不是有点浪漫过头了啊？仗着主角光环就随便作妖不大好吧？还有赫里斯塔和尤弥尔的百合线也看得我一度非常迷惑，怎么了怎么就生死相依了？不至于吧？？战力天花板的利威尔兵长也不出现，一有事就不在，帅气的白毛分队长也吃盒饭去了，我…唯一让我感到有成长的就是阿明，从第一季的怯懦自卑，变的果敢坚定了不少，感觉他剪剪头发会帅很多。,2020/9/2 11:01,1
3,剧情有点无聊了。。知道是与人争斗以后反而感觉设定平淡无奇。,2024/2/12 12:49,0
3,作者：诸君，老子摊牌了，爷就是想开高达,2021/4/17 16:39,1
3,"制作还是很棒的，人设崩坏，男主三十多集了还毛线成长没有，莽吧，GG
7月补，看完了，sad，不强行拉男主战斗力不行系列",2017/5/30 11:35,0
3,热血澎湃感赶不上第一季....但是艾伦开遥控挂挺燃的。,2017/6/19 8:52,0
3,你们尽管吼，赢了算我输。,2017/12/3 19:25,0
3,整体架构比较符合大和民族深层次的恐惧和发泄，外围的巨人即使不过度解读也可看做强势的国际敌手，居然还有类似“百人斩”的设定，暧昧关系可见一二。,2017/7/12 0:24,1
3,换了监督，叙事方式有问题，插叙不合理并且时长过大影响正剧观感。菜是真的原罪啊，为什么会设定过了一季毫无成长，只会瞎TMBB乱喊乱叫的男主？明明三笠阿明这么棒，为了衬托也太过分了···,2018/4/2 1:57,0
3,巨人版狼人杀,2018/8/4 17:15,0
3,这一季简直水到令人哭泣,2018/10/13 7:38,0
3,挤牙膏一样 对片长严重不满！,2017/6/19 21:18,0
3,我觉得第二季没有第一季好看啊,2017/6/26 11:28,0
3,基本靠吼。,2017/6/26 7:50,0
3,作者对叙事角度的选择非常棒，可是动漫只能靠吼的内心世界表达现在接受不了了,2017/6/21 14:35,0
3,不错，就是太短太慢，导致剧情有些混乱了！,2017/7/31 18:50,0
3,①布局很强，之前的伏笔都能对上，但问题还是和第一季一样，太慢了，我感觉我对真相一无所知。②兵长全程掉线，主要角色无更深入的塑造，倒是几个配角让人印象深刻。③在最后，“围墙”这个隐喻终于出来了，明白真相，才是这些人奋斗的目标啊。（2018-06-19）,2018/6/19 18:40,0
3,= =男主负分,2019/8/29 19:30,0
3,看了第一季之后，看不进去了,2020/5/17 3:04,0
3,艾伦真不是一个很讨喜的男主，回忆部分很多，打斗部分一般，反思很少，各方面来看不如第一部刚播出的时候有冲击力,2017/9/13 21:46,0
3,原地踏步,2018/8/9 21:54,0
3,没有第一季那么热血不过在一步步揭开世界的真相。,2017/7/15 23:12,0
3,这季什么都没交待啊。。画的越来越日本。。什么鬼,2017/7/5 21:00,0
3,感觉已经编不下去了orz,2017/6/25 19:52,0
3,没钱了，但其实做得算可以，几个关键的scene还是有点看头,2017/6/25 2:08,0
3,感觉这一季预算捉襟见肘..全都扔在最后一集上了吧..其实就提一点建议..能不能好好说话不要喊来喊去的啊..卧槽看着有点烦╮(╯_╰)╭,2017/6/18 19:42,0
3,嗯，还行吧,2019/7/2 17:39,0
3,日剧里面的角色一直都喜欢不上，实在是拖累这宏大的想象力了,2020/12/27 11:09,0
3,还是跟吧 挺燃的,2017/6/28 17:12,0
3,最终章太烂，给其他降两星。,2023/3/19 21:28,0
3,太短,2017/6/18 14:23,0
3,一到精彩的地方就插回忆，好不容燃起来的感觉又给憋回去了，，，太影响观感了，，还是那个优点吧，动作好看。。,2017/7/6 14:11,0
3,一直在装逼……,2017/8/30 17:45,0
3,相比第一季，少了很多悬念，内容也多以战斗画面为主，节奏拖慢。期待下第三季。,2017/6/19 17:32,0
3,打得多了审美疲劳，好累。弱鸡智障男主只知道一股脑往前冲，害得队友身亡大半，死得毫无意义。,2019/5/28 20:12,0
3,第二部剧情的发展不是很过瘾,2019/6/5 4:39,0
3,可能追不下去,2019/3/14 19:26,0
3,短,2018/1/17 15:59,0
3,感觉比第一季弱很多,2017/4/2 19:52,0
3,第二季剧情太拖沓了,2017/8/23 18:11,0
3,还不错 但老婆为什么喜欢艾伦啊 呜呜,2021/2/8 18:59,0
3,太水了！而且国内为啥没有版权放完整正版？,2017/7/2 22:59,0
3,剧情的承接和新的秘密人物登场，都延续了巨人的神秘感和魅力。美中不足的是，回忆变多，拖慢了节奏。（我看不懂的第一个人物出现，就是尤弥尔。留在王女身边并公开信息，不好吗，非要选择回马莱？）,2025/1/19 0:42,0
3,糟糕的文戏,2021/1/20 20:04,0
3,依然抽丝剥茧地推进，但是每集结尾悬念水平明显不如第一季，对下一集的期待从“为什么会这样”变成了“他死了吗，他活着吗”……以及感情戏又多又水又矫情，圣母癌层出不穷，艾伦荣升团队最大bug和追番障碍，希望第三季的解释能让我改观。,2020/3/25 12:20,0
3,大量回忆杀大量倒叙节奏很拖，看得很烦啊…故乡组暴露居然用了七八集，漫画不是一眨眼的事吗……,2019/1/31 20:45,0
3,暗幕丛生 07122017,2017/7/13 13:00,0
3,意外地觉得一般，剧情不够紧凑，本期待这一季动画会有更多进展的，叹气。意外地对几位主角的性格转变表示惊讶，从韩吉分队长到团长，艾伦，三笠...每个人的性格都莫名变得极端了。最后表白一波台词增加却缺席战斗的兵长。,2017/6/21 18:51,0
3,两季看完 还是保持不来电状态,2017/7/23 19:13,0
3,看出和同期的Amazons S2緊密相關的互文性，也看出他們那段時間挑戰悲劇核心的過程很不順利,2021/2/17 17:13,0
3,搞懂巨人设定后觉得剧情还是可圈可点的 漫画家年轻有为啊 …但是动画好拖,2017/4/28 12:35,1
3,等回过头来想评价，脑子里已经和其他几季剧情混在一起了，可见这个三星打得不冤枉(还是得在打星的时候留点痕迹啊喂),2019/9/16 23:25,0
3,我是觉得有点崩了,2018/3/8 11:59,0
3,这集在稍稍褪去设定的神秘感和压抑之后，突然就显得故事节奏有点失衡，人类生死存亡的斗争开始变得小打小闹，不如第一季的故事那么扣人心弦了。,2024/8/20 23:16,0
3,烦死了艾伦的周围全是小白莲(`皿´),2021/7/27 19:25,0
3,没第一季好看,2024/10/14 1:15,1
3,"不如第一季😂
不过，设置悬念的技术是一流。",2021/10/29 18:35,0
3,3.5/5,2023/3/30 11:34,0
3,有点太乱了，只顾着推进剧情却失去了章法（后面两季我弃剧看解说去了）,2024/5/13 0:17,0
3,容我说一句，尽管第二季血腥升级，但是男主也太烦人了吧！一直马景涛咆哮是为什么？无能狂怒,2022/4/15 13:21,0
3,看完之后才发现，原来这些内容都在漫画里看过了。,2017/6/23 9:56,0
3,世界观塑造的越来越完善，主角也塑造的越来越低智。确实算得上好看，但是目标观众估计是少年人吧，所以已经慢慢觉得漏洞太多了。,2018/1/2 12:07,0
3,拖沓了,2017/7/15 9:50,0
3,等了四年 男主还是傻嗨,2018/11/12 20:07,0
3,这一季的艾伦真的是够了....简直想一个大耳巴子糊死。12集挖了一堆坑，四年后第三季再见。,2017/8/23 19:02,2
3,比起第一季差远了，好拖沓，亮点也太少，很多都能猜到剧情额发展。明明可以压缩到6集的，那些个回忆啥的，出OVA就好了，想给高分也给不了。,2018/9/16 13:50,1
3,看不下去了,2017/7/16 19:05,0
3,"没有看到第一季的那种惊艳了，甚至睡着过……emmmmm…我的锅
感觉讲了些什么，但好像又什么也没讲…

兵长拍了几张街拍…整个班几乎全是巨人…
艾伦发现新技能…百合大法好…
emmmm…………结束了",2017/6/19 7:01,0
3,后面的剧情越来越无聊了。支撑到我把第2季看完的热情，是第1季的前几集的铺垫。,2020/12/9 13:22,0
3,这一季真的好水的！…………,2018/7/24 12:22,0
3,三星半，信息量太大，十二集完全不够讲故事。,2017/6/30 15:54,0
3,嗐，巨人都长得太丑了！,2021/1/31 20:16,0
3,瞪大双眼超震惊，宇宙中心呼唤爱。               莱纳不行啊，你跟隔壁则成好好学学怎么当卧底吧，心理素质太差辣。🙄️,2020/1/21 10:00,0
3,没到燃点,2017/7/1 1:12,0
3,2018,2018/4/28 12:34,0
3,没想到第二季就有黔驴技穷的苗头了。靠成堆的台词来塑造人物推进剧情，未免太糊弄人了吧?支线占用太多笔墨了，尤其是百合这段，看着烦又没讲明白，人物动机和情感都强行。请还是好好聚集笔墨到艾伦三笠阿明三人吧，他们才是主角啊,2018/8/8 15:55,0
3,太拖沓。。。,2017/6/24 23:52,0
3,第一季过去太久剧情都忘记了，有点连不上，而且叙述比第一季混乱。兵长出现好少。最大的亮点是百合情,2017/9/16 18:04,0
3,看来大家都很喜欢兵长,2023/3/9 14:38,0
3,不如第一季的水平,2017/5/24 14:44,0
3,坐标之力,2020/2/22 0:14,1
3,没第一季好看,2017/6/27 20:06,0
3,男主大叫了整整一季，最后一集我以为要跟女主kiss了，结果又吼了一声启动金手指,2018/12/30 2:21,1
3,难怪被禁呢，黑暗的不能再黑暗，我非常讨厌艾伦这个角色，他就像一个心理变态的极端脑瘫，脑髓给人吸走了一样做出一些自己觉得理所应当的事儿。里面最好玩的是“做自己”这个观点，但里面没有一个人能做到，全都是浮于表面，我知道这个是在填坑，希望坑填完之后能回来打高分。,2022/5/11 18:56,0
3,第三季预定：魔法少年艾伦,2017/4/3 9:14,0
3,这剧情真能拖啊，为啥还是不去地下室啊，一群跟开挂一样的人，溜出墙去地下室把有用东西想办法带回来有那么难吗,2021/3/15 2:27,0
3,爆发、打鸡血、揭示真相，像社会新闻永远的爆炸性标题，臣妾有些腻了。,2019/5/4 17:56,0
3,兵长打酱油的一季。第一集高能，但因为实在无感希斯特利亚，所以对这季主打她和尤弥尔牵绊的感怀就少了很多分。,2020/5/8 10:43,0
3,逻辑总是看不懂,2020/12/10 18:06,0
3,第二季观感相较第一季真的下降很多，大概是已经了解了它的套路，没有新鲜感和惊艳感了。艾伦真是动漫打嘴炮第一人，整天呼天抢地，自我反省，给自己打鸡血，然后打架时屁都憋不出一个，也是够中二的。,2022/5/17 18:10,0
3,主角画蠢了,2024/7/4 22:18,1
3,感觉巨人们就像吃瓜群众一样，看谁不一样就凑过去看热闹......,2019/7/15 18:59,0
3,太拖了,2017/6/24 19:22,0
3,节奏拖沓，不如第一季惊艳。第三季若有缘...,2017/6/18 5:42,0
3,子安就说了那几句话……,2017/6/19 16:36,0
3,男主鬼哭狼嚎的，配上激昂的音乐，实在是很难下咽,2023/12/5 16:17,0
3,时隔太久了看第二季感觉有些混乱... @2018-08-09 11:21:13,2018/8/9 11:21,0
3,第六集自爆,2017/7/6 21:16,0
3,等了四年前就拖拖拉拉给我看了个百合故事？？这四年不但把各个角色忘了我还可耻地变成了脸盲…还有艾伦一如既往讨人嫌,2017/6/26 3:20,1
3,又卖了一整季的关子，尤弥尔这一对儿的挣扎和扭曲的羁绊我真的无法get...,2020/12/26 21:56,1
3,别动不动大喊大叫的，吵死了,2017/6/5 10:53,0
3,就最后一集，鸡皮疙瘩起了几次，前面都太拖沓了,2018/10/12 10:49,0
3,好看是好看！可我实在受不了每个人为了救艾连都死了 然后艾连还横冲直撞 不经脑袋,2025/1/18 11:08,0
3,感觉里面的人大都偏执又啰嗦啊,2019/5/22 22:08,0
2,艾伦和张无忌一个样，又胆小又懦弱，还喜欢瞎几把叫唤，就仗着自己主角光环任性。热血神作就是比谁的声音大？今天你发个誓明天你发现个秘密的，到头来搞搞百合搞搞虚伪，真的够了,2017/6/18 18:11,189
2,其实不觉得好看了。大约是因为暗牧加的太好了,2017/6/10 14:40,23
2,零零星星看了几集，怎么日本动画现在所谓王道番就是在爆炸打斗的间隙互飚大道理么……,2017/6/17 21:52,12
2,豆瓣迷之评分，居然还能比第一季高，看第二季毫无新鲜感，设定不合理之处+10086，猎奇动漫一时爽，差不多就赶紧结束了吧。,2017/8/12 19:32,8
2,这片子最多的镜头就是这个狂躁症男主在无能狂怒，天天用嘴巴努力，最后还是全靠外挂，最后突然来了个遥控巨人的挂实在刻意到好笑的地步，另外我很想问问脑瘫导演是不是觉得不停闪回倒叙+话都讲不清楚就会显得他很高明？,2020/8/15 10:54,18
1,日本人几乎全部反战败不是反战请知悉,2021/4/9 9:36,10
2,越看心越累的第二季，唯一保持水平的大概是团长和兵长的帅气，我就是这么肤浅。至于男主，那已经不叫保持了，那叫废到爆表，结尾情意绵绵高潮脸再扣一星,2017/8/12 5:48,6
1,穿越时空的屎当然要搭配穿越时空的差评。,2021/4/9 15:01,6
2,啊 这段百合情啊    艾伦还是那么招人烦啊,2017/7/4 12:36,1
2,覺得好空洞啊……而且太吵了……,2024/10/19 11:52,0
1,还是看漫画吧….,2024/3/31 14:28,0
2,时隔四年都快忘了剧情，也不在新一季的第一集补上。领便当的三毛队长诠释了教科书般的立flag就死，配角们给他的台词，真的是非常低端…一集弃！,2018/5/10 12:28,1
1,看的很勉强，不愿再看,2024/5/26 12:02,0
2,第二季讲了啥？,2017/6/20 17:53,2
2,超长长长长长长长长幻灯片热血血血血血血大作,2017/6/19 12:54,2
2,怎么会有这么无趣的男主？,2021/2/16 10:00,0
2,节奏控制非常差，明明应该是很激烈的场面处理的温吞得不行，电视动画的悲哀，还是看漫画吧,2017/10/12 19:31,1
1,优点是美工非常棒，做工精良，没一帧都可以做壁纸感觉。可是为什么整体就这么差？剧情逻辑幼稚可笑，巨人登场，你看不出围城里人有丝毫希望，当反派威风够了，要去死了，主角们实力又瞬间暴涨，之前你们他妈的干嘛去了？还有无处不在的刻意煽情，日本人的死板和啰嗦，剧中体现的淋漓尽致。非常搞笑的一点是，对男女感情的处理，还挺留在极其幼稚的幼儿园阶段。,2019/11/13 11:32,1
2,lpb，反正就是各种没有逻辑的硬要反转。两集世界观都还没讲清楚 那就是不清楚,2024/4/5 21:43,0
2,啰啰嗦嗦的大量龙套内心戏，剧情发展确实有不少出乎意料之处，但为了出乎意料牺牲合理的逻辑性就是另一回事了。坚持不下去了，还不如找个二流美剧消磨时间,2019/7/19 12:36,1
2,发现要拍大结局了所以就来补一下 艾伦嘴炮变少以后好看很多 这季巨人看打斗好看 战术都是日本人的不成功即灭亡的办法…很极端…科尼妈好惨 二倍速跳文戏让整部片观感好太多  太拖了这部,2022/1/11 22:06,1
2,节奏太慢，不必要的闪回太多，无关紧要的配角戏份过重，原著也是如此的话，真不值得推崇。,2017/6/22 6:22,0
1,各种无病呻吟,2022/2/25 15:32,2
2,如此高压的外部环境 主角还是只会无能狂怒......,2023/4/14 18:27,3
1,从第一季后半段就已经开始烂了。,2022/6/28 5:43,1
2,"全程倍速看完，也就那樣，廢話不是一般的多。劇情基本沒推進，全都在過度
劇評裡面一群劇透狗🐶，越發讓人覺得這破劇惡心人🤣",2025/1/27 22:54,0
2,这都是疯了吗，评分竟然这么高，这一季没有一个角色是讨喜的，尤其是欠揍男主，疯狗一般都处咬。前面用配角的无脑剧情拖时长，絮絮叨叨的大段台词就像老太太的裹脚布又臭又长。第一集小队长的送死就令人匪夷所思，被兽之巨人搭讪吓尿了屁都不敢放，装备被拿走了，周围还有一堆巨人，又突然发神经的送人头。三笠简直了，平时冷酷面瘫无脑爱男主，最后被一堆巨人围着，救自己的大叔被吃，这种千钧一发的时刻竟然开始发春高潮了。拿着队友当炮灰的二缺团长从本质上和巨人是没差的。如果盔甲巨人和超大巨人能洗白，不言而喻，这价值观就没谁了。,2022/7/13 12:02,0
2,几次看不下去，几次又再勉强的续上。剧情进度慢的要死,2022/4/14 1:00,0
2,"制作比第一季差太多了, 全方位的.",2017/6/24 17:53,0
1,烂片就是烂片，反战败就是反战败，军国主义就是军国主义，没有任何理由屏蔽结局来评价作品。jsc怎么还没死?京都动画都有人弄，这死全家的军国主义余孽怎么没人去弄死他,2021/5/12 11:51,3
1,看到第七集，为什么剧情发展还是这么慢啊，还是去看漫画吧,2017/5/15 9:33,1
2,看到有人说艾伦是智力低下超雄，太好笑了，说得怎么这么对。。。。。。人类被侵占领地圈养威胁一百年连巨人的资料都不清楚，这真的合理吗？明明只要去到艾伦家地下室就有可能获得的真相，大家谁都不去探索，偏要靠自己想象推理。。。不知道槽点这么多先说哪个好了。。。。八九岁时候就能孤身杀了几个成年男性，啧啧啧。明明对巨人深恶痛绝，自身拥有巨人之力却没排斥之心，，，呃。。。因为救他和只因为他死的人还少吗？要不说艾伦是主角的。。。这还有人溺爱。,2024/8/2 12:07,0
1,右翼作品烂尾喜闻乐见，终于可以站起来说这番了😅不会有人和我说结局和前几部没关系吧,2021/4/11 2:52,4
1,披着"反战"的皮写着"反战败"的故事，最后帕岛因为地鸣获得成功，艾伦因此成为英雄，谏山创不是把自己的狼子野心都掏出来了吗？这群巨粉还在叫嚣什么"神作"？呵呵,2024/2/2 21:55,1
2,中二、靠喊、矫情、主角光环。不过如此。,2021/1/17 11:45,0
1,情节是真的精彩，骨子里是真的反战败,2021/6/17 12:37,2
2,跟第三季相比真是太水了，拖延剧情,2018/10/14 4:20,0
2,世界观已经被介绍的七七八八，而巨人的身份也已经解开谜题，这种吊胃口的番一旦公布真相热度大减是理所当然的，听说第二季制作人手不够，那么就不要出第三季了吧。,2017/7/1 5:08,0
2,脸盲，人名还都是英文，根本记不住谁是谁非。还搞拉拉？人均巨人。,2023/11/16 12:50,0
2,第二季剧本质量急速下滑，严重地开始拖剧情。像好吃女的篇章完全是可有可无。大段作画简易，老生常谈的对话让人打瞌睡。揣测是第一季赚得盆满钵满，准备做成长篇消费情怀了。制作水平也有所下滑，除了打斗场景愿意花钱外，其他时候的分镜和作画开始崩坏，越到本季的末尾越甚。像第一季那样对自由，对身份认同，对战争的深刻探讨也见不到了，只剩下喊喊喊燃燃燃，有时候还燃不起来。尤米尔篇设置得十分失败：人物动机十分勉强；第三个巨人的设定把第一季好不容易塑造起来的人类巨人的神圣感败光了。铠之巨人和超大巨人设置为同级生也一定程度上缩小了格局。更不要说两人身份暴露得也太随意了，敌军中央就变身？对比第一季为逼出女巨人而精心安排的作战，真是儿戏。至于一群人趴在巨人身上聊天，尬燃尬喊尬抒情，编剧开始不过脑瞎写。,2019/6/4 13:11,1
1,讲了一整季都没有什么进展,2020/3/22 22:49,0
1,感觉第二季一点都不给力,2017/9/11 18:28,0
1,不是每个看完的人都是粉丝,2020/7/2 22:16,0
2,第二季也拖沓，1.5倍速都太慢了,2021/4/5 22:35,0
2,为了这SB咆哮哥，牺牲了多少人,2023/6/18 12:58,0
1,巨人粉怎么这么爱骚扰正常用户？素质太差，不给个一星说不过去,2021/1/17 18:59,2
1,第二季看了一半，依旧毫无改观，要啥没啥，真不咋滴。弃。,2021/4/8 10:11,0
2,弃剧,2023/3/23 9:05,0
1,别人烂尾不影响前期剧情的精彩，巨人139话一出来前面所有的感动和热血现在看来都跟喂屎一样，调查兵团前辈们，你们献出的心脏为了什么啊？,2021/6/23 23:49,3
1,烂,2021/8/16 13:06,0
1,大结局我才明白这是军国主义剧，特回来打一星,2021/7/9 0:43,0
1,政治味太浓,2021/4/9 10:28,1
2,这一季更难看了,2020/3/27 0:27,1
1,第一季好评，但是，自从阿尼他们暴露到后面剧情，就开始为了杀人而杀人了🤢🤮,2023/11/16 20:08,0
2,节奏差得没边了，文戏演出也毫无想象力,2017/7/12 4:04,1
1,"改评分，该作作者是日本右翼，
日本鬼子都该死！",2018/4/30 8:04,0
2,第一集观感：一个人要死了，默默无语地死去是悲壮，在死前大喊大叫，是会给活着的人带来恐惧的。,2017/8/8 0:21,0
2,额……战斗场面也太拉垮了,2022/10/12 22:53,0
2,就特么会嘴炮口盾，还有一个天真无邪就会喊的傻逼男主竟然开挂变成了巨人王？真是亲爹啊打一针就变世界霸主了，每次战斗什么也不做了就等着变身，说特么别人是杀人凶手，到头来自己杀的不也是巨大的人？,2021/3/22 11:49,0
1,"开始还本以为，是古代末日背景的动画，
结果剧情上，反转的地方让人难以置信。
最大的敌人不是巨人，而是政府高层 🌝",2023/4/16 0:30,0
2,夹带私货好严重，用电车难题的功利主义粉饰种族屠杀的罪恶令人作呕，谏山创随意写死笔下角色和用激战剧情写死一堆兵卒而取悦自己的变态心理让我反胃,2022/6/17 16:14,2
2,B站看的抹布版，比第一季少了一半？ 剧情基本都事先猜到，内容太少！！！白等4年…,2017/9/2 18:19,0
2,太久太久了，第一季是四年前的番。今天一口气补完觉得激情实在是消灭不少，私以为没有第一季热血。,2018/1/12 4:21,0
1,"枉我喜欢过
可惜没有负分",2021/4/16 19:56,1
2,为什么现在看感觉这么恶心,2017/7/18 23:07,1
1,以为憋什么大招 他妈一集就可以说完的故事 拖沓滥情 真他妈的烂,2019/4/11 22:44,1
1,很多台词，行为，都像以前侵略别国的日本军国主义……,2022/4/26 0:20,0
2,人均甲亢超雄突然间就间歇性发作，还有作者大基调永远是先打一巴掌再给一颗枣，比看神厨小福贵还憋屈,2024/12/15 10:52,0
1,军国主义思想充斥，粉饰战争，恶心。那个私信骂我的沙雕，有这闲工夫不请乐队在你全家坟头蹦个迪吗？,2018/7/24 16:04,1
2,智商不够  看不懂啊,2018/1/11 21:52,0
1,第二季你就跟我在这墨迹，在这装神弄鬼的托节奏。学什么不好，学泡沫剧。,2021/3/29 21:36,0
2,还没第一部好呢，弃了~,2020/2/19 18:40,1
2,总共12集 絮叨了11集的废话,2017/6/19 16:41,0
2,不停倒叙真的受不了，画风不喜欢，3d也很差,2020/10/10 20:12,0
2,男主抓狂即无敌系列,2017/6/18 17:24,0
2,这季节奏超级不好,2017/7/5 22:49,0
1,补标,2023/11/23 5:48,0
2,太太太太太拖沓！无数内心戏，无数闪回，重复重复再重复，当观众白痴吗？这么拖时间！,2018/7/16 1:11,1
2,看上一季的时候还在上大学！剧情拖沓，这季真差，加上漫画已经很扯淡，不会再追了。,2017/6/5 11:43,0
1,小丑艾伦，nt谏山创,2019/5/15 14:21,0
2,真烦那一遍又一遍的嘴炮。。三笠和艾伦的母子情也适可而止吧,2023/2/13 2:35,1
1,烂尾,2024/11/19 9:32,0
2,爱马 我要回去看看第一季 我为啥会打五星。,2017/8/31 19:39,0
1,青春都喂了狗,2021/4/14 19:38,0
2,角色剧情台词立意都无聊得要死，比不上恶魔人的一根脚趾头。你说它制作大气吧，叙事剪辑又稀烂，画面乍一看挺美的但色调永远是黄乎乎的让人审美疲倦。因为这部作品我才发现我这么讨厌灾难片打仗片，人类存亡宏大叙事让人想吐，不过出于强迫症还是会把它当下饭剧看完。巨人和鬼灭都是大热但我不喜欢的作品，鬼灭起码有古典妖异美感让人眼前一亮，炭治郎人设也比艾伦讨喜。,2022/8/1 19:04,1
2,剧情开始变得复杂，许多突然出现的外来因素，打破了观者的合理思考路线，转移了注意力，开始变得有点不靠谱。,2020/3/12 14:47,0
1,"如果巨人里不牺牲马，我还是认可神作。问题你牺牲马，多可怜！死人不就够了吗？用腿跑啊，你呼唤马来载你干什么？危险时刻想起马了？艹！破剧！
完完全全不接受任何动物（特别是马，狗狗）牺牲的影视作品！心里厌恶至极！恶心！",2020/12/28 23:31,1
2,第二季太尼玛坑了！开篇一野猩猩巨人开口就说话还一副我是老大的死相，以为能有啥了不起的剧情，结果首尾呼应就两场路人戏！全12集巨人各种突变进化，各种破墙死人，到最后艾伦大杀器留个伏笔告诉你等下一季，擦！我的兵长呢？我的三爷呢？全打酱油啊！第二季差评！！！,2017/7/6 22:30,0
2,男主角毫无成长令人作呕，强行不交待背景信息导致角色行动逻辑模糊观众一脸懵逼，群像剧穿插莫名其妙，一群狂拽酷炫的角色这么多年了就没想到过巨人=人类，脑子都喂巨人了吧。,2017/9/7 1:41,0
2,扁平单向的人物，每一集最后强行高能，然后下一集又扔来一堆回忆,2020/9/18 14:45,0
2,不中二你就不会写了吗？,2017/5/3 17:06,1
2,咆哮的艾连,2017/7/31 18:51,0
1,cnm,2021/4/11 14:29,1
1,磨叽，当代漫画工业非得这么磨蹭吗,2021/11/26 13:04,0
2,虽然看完了，但真的不明白哪里好看，为什么那么多人喜欢,2017/6/29 23:55,0
2,真牛逼，每集都强行倒叙和煽情,2023/10/31 17:50,0
2,也只剩设定了，其余的都什么玩意儿啊,2019/8/31 23:29,1
2,艾伦爬,2023/3/26 17:54,0
2,情节发展满如蜗牛 看不下去了……,2017/6/3 11:37,0
1,作者就是狗东西,2019/1/18 4:48,0
1,进击剧Ⅱ,2019/11/30 22:55,0
1,不能老是乐观的认为是讽刺,2017/5/13 23:19,0
2,六集弃,2017/6/25 22:08,1
2,世界观完全没有实质性的发展，有特点的打斗也变成鸡肋，跟网络小说没什么区别了,2017/6/27 10:30,0
2,发展的有点奇怪，我看的不是很能理解,2017/5/7 21:38,2
1,总觉得艾伦很懦弱  太冲动  。做事不顾后果。只会吼来吼去。喜欢三笠  。,2017/6/1 3:19,0
1,作者本身是LGBT吧，互相之间搞来搞去，艾伦也只会大喊大叫的发神经，咋咋呼呼，弄的像生化危机一样搞些解密，一点点透露线索。还要这季只有12集，弃,2018/2/17 15:36,1
2,节奏比第一季快了一点，但是还是很墨迹，战斗中一瞬间的事情墨迹一大堆感想，30年前的足球小将也是这种表达方式，30年后这种墨迹的表达方式在日本还是没得到改变啊,2023/5/20 15:30,0
1,垃圾的后代就是垃圾！,2020/6/18 16:19,1
1,这一季已经崩了。,2017/12/29 22:04,1
1,动画不错，一星送给到处踩人的ZZ粉丝,2020/7/10 19:59,1
1,奥特曼翻版,2023/12/17 14:16,0
2,这动画的动作运镜是非常高级的，但这人物动机，彼此的羁绊，看上去很强烈，但总是觉得没有说服力，何以动机如此强烈，何以羁绊如此深，仿佛想通过一些事来说明，结果越说越糊涂。甚至第八集整集都在唠嗑，内容竟然还基本没有推动过任何剧情。男主的有勇无谋，空有一身热血，大家拼了命地保护，但还是会突然上头做一些无厘头的事，或者这是为了让他一步步挖掘自己能力的过程，但实在难以抵得过那一大堆的人命啊！,2023/4/25 23:11,0
1,小丑是我自己,2021/4/1 8:30,0
1,一个中二病男主，和一个装逼的角色都能被叫男神，你们的欣赏水平是有多低？真是神作不值钱,2017/4/1 18:14,1
1,每次都是最后几集才高潮，就像又烂又长的连续剧,2018/9/5 22:36,0
2,打斗部分还可以，但是世界观人物性格感觉非常混乱又扭曲，最后一集看着引起不适。,2020/6/13 0:16,0
2,跟第一季差的太多了，這季頂多能算個大型番外，剧情慢，废话多，支线乱，野心很大，想给每个人都安上背景故事，能力不足，导致通篇都是废话连篇，主线进展严重滞后，老是想搞些花哨叙事手法，到处都是倒叙插叙，真的想让人甩编辑一脸。,2017/6/7 15:56,0
1,"好看你个毛线球
血腥的一逼
我想给负分",2017/10/11 23:42,1
2,這一季真的難看死了 濃縮為四集就夠了吧 、、、,2017/6/22 13:33,0
1,烂尾垃圾，纯恶心人,2021/5/13 11:39,0
2,各种奇怪的世界观，故弄玄虚,2017/12/5 16:59,1
2,每个人都先要设置一个莫名其妙的价值观排序 你别问为什么 然后为了这个排序采取非理性的行为,2017/12/27 15:39,0
2,很久以前看过的，感觉完全没有说的那么好看,2022/2/1 18:52,0
1,不太好看,2020/12/7 8:48,1
2,这台词，跟猜谜一样，什么都不交代，虽然一直在说话，但是完全不懂他们在说啥，不懂他们的行为动机，看着真的累。最后两集稍微好点。,2020/12/13 19:48,0
2,普通日漫,2021/3/14 17:43,0
1,滚！,2020/12/22 22:13,0
1,看到第四季感觉被欺骗了，日本人真是死性不改,2023/12/29 18:53,0
2,整部动画依旧没讲清楚到底是个啥，还不如去百度一下结尾曲的那几副画的意思。bgm是赞的。,2017/6/19 15:00,0
1,意识形态！,2021/4/12 1:10,2
1,这画风这剪辑太难看了,2022/4/8 20:07,1
1,"2021.04.11
脚盆鸡人均反战败，脚盆鸡人均仇华，脚盆鸡人均历史罪孽与我无关。

2019.12.29
披着热血外壳的谍战片😂",2021/4/11 21:21,4
2,拖沓,2020/12/7 12:35,1
1,怪我目光短浅，居然是军国主义洗白工具！！战犯洗白biss！！,2020/3/20 21:31,1
1,这蠢男主废物男主我服了，第一季你蠢就行了，第二季比第一季还蠢。能不能做个脑回路正常的人？,2021/1/10 21:35,1
1,右翼作品，我呸,2021/8/24 14:46,1
1,这不是简单的“战争”,2021/3/6 22:43,1
2,越来越无聊,2017/6/17 17:17,0
2,啥破玩意，男女主身上一点积极向上的品质都没有。还有这内心戏还能更烂吗……,2021/9/15 4:41,0
1,禁得好！小日本果然这副德行，沈逸老师牛逼！,2021/4/9 11:57,2
1,恶心，极右翼日本军国主义的思想还在作祟,2021/4/8 16:52,4
1,好好看呜呜我哭了，我当年应该也是个嗑💊机，以前居然磕的是兵长和艾伦，现在看团兵才szd，搜同人不小心看到剧透，感觉后面会哭的很多呜呜呜呜,2020/12/20 14:51,0
2,继续中二,2017/5/20 18:18,0
1,这主角太憨批了，看不下去了,2021/1/10 22:58,2
2,剧情几乎不记得了，没啥亮点，明显比第一部差很多，看完了我还以为我在看奥特曼呢，变身。。。,2019/1/4 23:41,0
2,第二季不好看,2017/12/2 21:09,0
1,谏山创其心可诛，赤裸裸的军国主义霸权主义分子,2021/1/27 3:24,1
1,吹太高了，后面收不住尾了，前面越觉得好看，就越突显后面的烂。,2020/10/30 3:51,1
1,谏山创你强奸观众是有一套的。,2022/11/29 11:56,1
1,纯粹对比第一季，故事主角居然中间消失了,2017/12/19 21:24,0
1,五毒俱全jsc,2019/6/1 17:33,0
1,烂尾了，洗白侵华战争，直接一星不解释,2021/4/10 23:00,1
2,剧情不知所云,2018/1/19 20:02,0
1,接受不了这种丑画风,2024/12/31 16:25,0
2,真相就在眼前也不知道追查的愚蠢展开,2025/1/3 15:27,1
2,以前看了那么多番，基本没试过加速，进巨第二季很多地方 不开二倍速完全看不下去…,2022/10/31 0:49,0
1,巨人万物起源👏🏻👏🏻👏🏻,2020/12/8 7:47,0
1,结局是残杀了全人类，为日本军国主义洗白的恶心之作！,2017/5/28 10:37,0
1,jscnmsl,2020/4/15 8:55,1
2,这里面角色给我一种不聪明的感觉……研究巨人这么久竟然没发现他们是普通人变的…艾伦一喊 巨人就帮他。这还看不出是巨人听艾伦的喊声才去的。两季了，还不敢确定巨人就是普通人变的 。我真的理解不了，太拖了，感觉两季都可以放一季里拍完 ……作者是不是恋母啊？三笠这个角色完全是替代母亲啊……根本不是爱情，感觉是毫无保留的无私母爱啊……感觉配角塑造的都比主角立体，那个铠甲巨人主角比立体多了…,2022/9/5 22:30,0
1,为什么打一⭐呢？不知道，我就是想这么干。,2022/1/14 23:57,2
2,我理解那些很喜欢这部动漫人的心情，但是我觉得这部动漫真的很一般，不知道好在哪里,2021/2/12 3:26,0
1,给我爬 女同被迫怀孕最后相夫教子 还要被油腻wsn意淫 作者怎么不去死啊,2021/2/25 10:47,1
2,跟第一部一样，除了画面华丽以外其他一无是处，剧情单薄空洞，没有一个可以算得上塑造成功的人物，男主角尤其让人反感，如果这也能算当前日本动漫的代表作的话，只能说明日漫退步巨大,2018/5/27 22:34,0
1,艾连自私，意气用事，不懂珍惜，个人主义，还给这啥掉这么多能力，简直是动漫的矛盾特色。剧情还总莫名其妙地燃起来，都不知道燃啥劲儿,2024/7/19 10:30,1
2,确定9.3？？？我看到了大量静态帧代替动画的镜头，还有大战中莫名安逸的嘴炮，跟第一季的紧凑印象完全不符，当年憋到完结一口气看完，第二季到了中后段真是想吐血，特别看到总是在危险的地方比如巨人身上突然来个三五分钟的嘴炮，真的是尴尬得不行，憋了几年就憋出这玩意,2017/6/18 23:58,0
2,当主角真好啊，话那么那么那么那么多都不会死。我是真的吃不下巨婴话唠这款的男主orz…,2017/12/23 22:25,0
2,有点失望，完全没有了第一季的新鲜刺激感，一帮人在那里纠结来纠结去真是无聊，对白矫情做作还自我感觉良好地想要玩深沉玩感人。看第一季时直喊卧槽，痛快淋漓，第二季却有种煎熬感，强忍着追完了。,2017/7/1 0:02,0
2,越看越烦，玩你妈嗨的狼人杀去吧,2017/5/9 12:56,0
1,空有大而复杂的格局，但实在编不圆整个情节都塌掉了，人类、巨人、装甲巨人的战斗力飘忽不定，弃！,2018/9/16 19:32,0
2,还是太幼稚了 太模式化了,2019/10/4 3:19,0
2,每一集都需要用“如果换成我，不一定做的比角色好”来给自己洗脑才看的下去的剧，但我从不在同伴被围攻时站在旁边观望且叨逼叨还送人头。我决定放过自己。,2024/3/21 22:36,0
2,真的受不了，想到这是作者的历史思考就更想笑了,2023/12/16 5:06,0
2,比起第一季差点，可能因为要展开设定了所以节奏上得赶些，然后剧情看得我全程懵逼。。最开始我在想“谁是巨人”，现在想的是“谁不是巨人”。。对艾伦有点无力吐槽，不喜欢这个角色。。,2022/7/16 2:27,0
1,依托答辩,2023/3/28 14:24,0
1,艾伦好sb。。。其他人也好愚蠢   就开挂呗,2020/12/20 21:39,2
1,主角动不动就轻言放弃，从来不用自己的脑袋想事情吗？,2022/3/10 22:57,1
1,二笔,2023/9/20 19:29,0
1,又臭又长,2024/5/25 16:40,0
2,过誉了,2022/4/4 0:33,0
2,画面还是很震撼，但是很多坑没说清楚，而且穿插的那些人生哲理信仰让人很莫名其妙，特别是女女那一段，很多地方说不通。画面也没有第一季好看，太多感情线，感情线也没说好，故弄玄虚没有说清楚为甚么杀人，就来友情戏份让人怎么产生共鸣？？？,2020/12/9 22:33,0
1,好久没见过这么智障的台词与故事逻辑了，还有就是乱用回忆，乱用煽情，乱用惊讶,2017/8/9 9:32,1
2,。。。,2021/3/5 20:13,0
1,"失望的不是漫画本身逻辑和剧情，而是立意。
简单点说，这样的结局表达了以下的观点：
1 以前日本军国主义犯下的滔天罪行，是前人的事，不该由现在的日本人背负。
2 天皇本来要玉碎的，但是他无条件投降了，不管他之前做了什么，之后所作为又是否自私，他是全世界的英雄。
3 即便之后日本人没有军队了，变成了美国人的狗，但是中国在内的国家还要逼日本人承认之前的罪行，还不满意日本做出的让步。
4 那现在日本年轻人的未来很简单了，再挑起战争，把世界打烂，打出一个新的秩序来，新的日本人才能真正的自由。
转自知乎",2021/4/12 20:33,3
1,看不下去 感觉艾伦无比的傻逼,2024/3/17 10:15,2
1,向安利过的朋友说对不起。,2020/12/10 18:44,0
2,最后战斗的时候男女主赶紧去开个房吧，所有人都在拼死战斗，就你俩在那恶心人，非要看见一个重要的人死在面前才能觉醒能力？没见过这么废物的男主，每次都掉链子，真的想吐,2023/7/30 3:13,0
1,"4星 故事有新的进展
讨厌谏山创，还有脑残粉，1星",2023/3/12 22:19,1
2,受不了男主角一直只会大吼大叫的，难道只有这样才叫热血？,2019/6/4 23:00,0
1,什么🐔巴玩意儿，高中挺喜欢第一季的，这第二季剧情拖沓就不说了，能有点逻辑吗？9.2分？都是用脚观影的吗？,2019/5/11 16:28,2
1,本来看了结局了想从头补一遍，看到结尾尤弥尔那边实在绷不住了……,2023/11/23 23:47,1
1,海的那边是敌人,2021/6/20 22:46,1
1,对主角组外的每个角色都极尽丑化之能事，恶心,2018/8/7 3:12,0
1,烂,2022/5/16 11:10,0
2,怎么说呐,2023/11/23 13:12,0
2,可恶啊还在铺垫中，之后的世界观和男主的成长你最好对得起我的等待。每一季都是循序渐进，没有一个完整的终结。都两季了到底什么时候去找那个地下实验室，那么多谜团全都在埋坑而从未解答，憋死算了。,2023/10/14 22:59,1
2,最废男主，烂片，,2019/5/26 22:08,1
2,男主是脑瘫吗说话能不能过过脑子，一群人是神经病吗动不动就吼啊吼吼得我音量键左右横跳,2020/12/26 17:36,0
2,他巨我铠直接问号脸,2021/6/4 13:10,0
1,我是小丑,2021/4/15 13:41,1
2,剧情和人物设定的逻辑根本经不起推敲，要不是什么都没告诉观众很引人好奇我都看不下去,2018/12/31 19:01,0
1,去死吧jsc！！！！,2021/4/11 11:47,2
2,战力彻底崩盘，第一次阿尼奇袭三人一起上绝对完虐调查团，阿明太婊了，最后给主角开世界波无敌了，后面如果不是人与人斗争做的精彩点就没看点了。看这个我终于知道现在动漫为什么都分季了，和美剧的不畅销就停播不同，日漫现在是纯编不下去硬编榨干这个ip最后的价值，就像当年的龙珠一样，又GT什么的无止境的出，好的动漫像海贼王怎么不分季，如果按照分季制一年季12集能出一百年了,2024/7/25 12:39,0
1,为所有动漫中粉丝素质最差的献出心脏吧,2023/1/12 13:03,1
2,第一季的人物崩得一塌糊涂，虽说补完了上一季的若干遗留问题，但是以完全舍弃人物成长作为代价，未免太过得不偿失,2018/7/1 19:45,0
2,已经开始烂了。。。,2024/9/5 19:17,0
2,乱世先杀圣母吧。。这一季的剧情真的是莫名其妙,2022/11/21 15:35,0
2,真的很差,2017/7/21 8:02,1
1,恶心,2021/5/7 4:51,0
2,出第三部还得追。,2017/6/30 7:27,0
1,无聊,2022/1/11 21:50,0
2,好吧，我想说热血动漫能不能不要乱插感情戏，人类要灭亡了，队友要死光了，为什么女主突然表白给男主获取信心，为什么这个时候要谈情说爱，我不懂我不理解，男主啥也不会一直就是乱嚷嚷，能不能强大起来！,2021/12/21 23:44,2
2,浪费时间系列,2018/2/27 17:00,0
1,我都怀疑日本外务省有一部分经费是专门用来在各大评分平台给日本动漫刷分的,2021/4/12 10:50,1
1,巨人水军真厉害，逻辑不通，矫揉造作的动画吹成神作,2020/10/7 8:45,0
2,别的都不说，我主要关心两件事：第一，三笠和阿尼格斗到底谁赢了？第二，有没有人关心马的感受？另外吐槽几点：第一，这季有些细节不清楚到我怀疑我错看了什么地方，有很多突兀的转折。第二，利威尔不至于打一个季的酱油吧？第三，谏山创你到底懂不懂什么是爱情啊，虽然我不是很懂，但感觉你还没我懂。第四，百合线真莫名其妙我服了我真理解不了。第五，让三笠OOC我杀了谏山创。第六，你们别做大好人了我服了把所有人都砍了吧，都讲了半天了，什么都舍弃不了的人什么都不会得到。第七，莱纳这个角色是我觉得塑造最好的，其次是让，别的都不咋样。第八，柯尼好惨啊。第九，感觉你们干的事儿真不值。第十，你们的男主角艾伦就是个大傻比。,2023/12/9 0:20,0
1,真是越来越看不下去了，无力吐槽的剧情,2017/6/12 21:50,2
2,同1,2018/7/17 10:09,0
1,最开始觉得巨人是右翼，后来反转发现是反战，最后结尾再次反转，果然是反战败，现在看到以前大家对他的维护，真可笑，jsc把读者和角色都变成了小丑🤡,2021/4/9 10:28,5
1,作者是怎么做到把一群自私的人渣刻画的道貌岸然的？,2023/6/29 23:49,1
1,小丑的脑瘫冒险,2021/4/8 13:29,5
1,看完第三季回来改星,2023/12/10 21:44,1
1,巨人一律一星,2020/12/28 17:04,2
2,给动画制作水平,2021/4/14 12:11,0
2,男主除了叫还会什么，🤡完了，剧情也是拉胯，剧情幼稚张力过度，看完这一幕就知道下一幕要发生什么了，剧里的角色大多数也没什么智商。多出来的一星看在ed份上，编剧给作曲磕个头,2023/11/12 0:16,1
1,除了画面就没别的了，剧情还拖沓,2017/6/3 17:40,0
2,和第一季差不多的毛病，甚至不肯给任何死去的人一点体面，不肯让他们悲壮赴死而一定要惨叫痛哭毫无尊严。男主一直在被绑架然后被队友靠各种牺牲救回来，真的值得吗。,2021/4/16 3:13,2
1,小日本鬼子产品一律一星帝国主义的孽障。,2024/7/6 14:58,0
1,仅仅为了过渡剧情的一季,2017/7/25 23:07,0
1,这一季真是无聊到爆炸！！！！,2017/6/18 20:52,0
2,这部给3星都多 节奏慢 主角不讨喜 打了鸡血的说废话 很简单的剧情拖了一季,2021/12/31 15:07,1
2,看不下去，没啥劲头,2024/1/11 10:18,1
2,没第一季好看，一个下午看完，一直想快进，传说中超好看的第三季都不想看了,2020/1/22 22:24,0
2,气氛的渲染不如第一季，主角经历的事情越来越多，智商却几乎是零成长，第一季的执着到了第二季变成蠢。遇到敌人二话不说扑上去，打不过就在那吼。我:？？？有时候真的想他赶紧死了把主角让给三笠算了，阿米尔也甩他几条街。,2017/6/26 21:06,0
2,摇头,2021/1/23 20:53,0
1,每集推动情节的顶多七八分钟，剩下的都是主角傻怒和回忆，弃。,2017/9/15 13:15,0
1,"灾难片，名副其实
既是围墙里面人的灾难
也是无数中国人的灾难
原来真的有中国人会为了自己喜欢的动漫去洗白作者喜欢的参与旅顺大屠杀的战犯秋山好古啊！
贱不贱啊！",2020/12/9 22:06,2
1,神金。。。比第一季更莫名其妙，明牌得很突然，情绪接不上。看见艾伦在巨人身体里的脸莫名联想到机甲。人格分裂？战争没有对错？？你认真的？？？？？才发现第二季2017年才出，那第一季当年到底是凭什么那么火的。。难道大家都是漫画粉？,2024/6/8 21:43,0
2,啰哩啰嗦的，巨人那么强大了，还要卧底人类，而且不止一个。这样情况下人类内部还要割裂内讧。而且人类还守住了城墙！弃剧。,2022/5/25 19:23,1
1,虚伪,2021/4/8 7:19,1
2,拆皇女百合线恶心我一辈子。。你可以不相信任何一个男作者,2022/10/27 19:06,1
2,对不起 我理解不了这剧情 男女主好像弱智和他的舔狗 战斗八成靠运气和嘴炮 能赢一次就是世上真存在老天爷 作者实在编不下去的时候就再加些设定就好了 如果说这就是战斗番天花板我认为多少有些不配了,2023/3/14 14:31,1
2,从成功的热血动漫变成了失败的说教动漫,2017/6/19 0:22,0
1,139,2020/2/15 9:55,0
1,17年刚看完的时候我肯定打五星,2021/7/8 9:36,3
1,jsc日你仙人,2021/6/2 10:27,1
2,"当我们要去保护一个人的时候，
我们就会成为巨人。
围城挡住了危险，也遮蔽了我们双眼。",2019/4/11 0:55,0
2,剧情拖沓令人着急。动画水平低劣，一遇到震惊的时候，总是目光涣散，一动不动。空有架子，缺乏内核。,2018/2/18 20:05,1
2,剧情真一般,2024/6/21 19:57,0
1,法西斯,2021/4/9 0:00,0
1,烂,2021/4/8 22:57,0
2,1,2019/7/22 17:57,0
2,故事连续性很好 但是神作也不至于啊 期望过高了 可能是年纪大了不适合看这种热血打斗番了,2021/8/7 17:24,1
1,血遇金属才能变巨人这招艾连这个山炮什么时候才能知道，太他妈墨迹了,2021/6/21 10:41,2
2,没有逻辑的热血剧真的很吵😅,2023/7/17 22:13,2
1,宣扬日本极端思想，不可原谅,2020/2/25 22:30,0
2,第一季还有点激情，好像可以变身巨人之后忘记怎么做士兵了，永远无力反抗。,2022/9/17 21:22,1
2,神经,2023/12/2 0:10,0
1,一坨屎做的和美味的大餐一样而已,2021/5/15 15:28,1
2,烂尾,2021/2/2 12:45,0
1,作者故意恶心读者🤮,2021/4/8 20:17,4
2,三观稀碎,2021/7/7 2:28,0
2,说不出的违和感充斥着整部作品，从第二季更是说不出得违和感，但还是继续看着，觉得自己快精分了，对人物眼阔的阴影竖线莫名觉得搞笑，巨人的各种姿势忍不住暂停要学，怎么办( ˉ ⌓ ˉ ๑),2017/7/11 0:43,0
2,我们美强惨三笠到底爱上又废又冲动又没脑子的男主哪一点了，最后居然直接画成了恋爱脑少女画风，吃点好的吧😓,2023/5/31 22:18,1
2,6+,2024/11/6 14:58,0
1,真难看。,2020/12/30 5:46,0
2,为啥会被吹成神作？？就这么拖沓…这么怂…,2023/11/10 22:51,1
2,这季有比较无聊。,2021/5/3 0:52,1
1,烂片，不值一提,2021/1/5 17:03,0
2,垃圾的进度。,2017/5/15 12:34,0
1,"以为反战，其实反战败    这和日本一直以来篡改历史，否认历史影响的观念有关，结尾毁全部。
       补标记，当时知道墙的真相着实惊讶了一番，谜底一点点揭露

是更加宏大的场景",2021/3/6 9:14,1
1,垃圾,2021/6/11 12:04,0
1,20.12.11,2019/7/10 16:31,2
2,太墨迹了，真心不如原著,2021/2/1 1:00,1
1,军国主义余孽,2021/4/10 2:13,3
1,一部神剧，但作者的政治立场和作品的文化传播的影响，不应该让每个人中国人都打一星抵制吗？？？要认清自己是中国人，文化是有国界的,2022/1/17 2:41,0
1,"看奥特曼学到的：体恤弱者、互相帮助，无论与哪国的人们都能成为朋友。热忱之心不能泯灭。不要丢掉那份感情，纵然这感情被背叛过几百回。——艾斯
看巨人：……到底讲个啥？",2022/2/1 0:22,0
1,辣鸡，爬！,2021/4/14 12:26,0
1,"反战败作品一律滚出，日本人小节而无大义
兵长赛高！",2020/12/22 12:06,2
1,纯属恶心人：）,2021/3/31 8:04,1
1,海的对面：艾伦你先转的😸,2022/3/3 15:16,0
2,真的已经厌倦了日本的大吼大叫的模式,2017/12/8 22:41,1
1,可怜的文化，压抑和胆小。,2021/2/3 9:51,1
2,这个比较适合有中二特质的年轻人看吧。即便有各种剧情分析，人物解析，但是给我的观感还是很不适。看了一半实在是进行不下去了。,2022/4/12 10:34,1
2,不知不觉兴趣已经渐渐的减少。,2018/2/25 22:14,0
2,烂尾垃圾还是给制作,2021/4/17 19:21,1
1,啊西巴,2021/2/15 14:17,0
1,💩,2021/4/12 13:00,0
1,看完结局就觉得之前觉得热血的地方，怎么这么搞笑呢,2021/7/16 22:58,0
2,无间道了半天自曝，我忍了，可尤弥尔那条守护金发女孩的线到底要说个啥？？？艾伦人设上的缺陷越发离谱，菜可以理解，但菜且蠢，优柔寡断还要圣母就真的无解。女主战神实力却像老母鸡一样拿艾伦当小鸡崽养实在是接受无能。。。,2023/12/17 22:48,1
1,永远不和谏山创和解,2021/1/16 4:30,1
2,怎么感觉好多角色好病态啊,2022/4/29 16:50,1
1,因为结局的原因，5星，变1星,2021/4/9 22:36,3
1,回头来看就是笑话。,2021/4/9 13:03,2
1,看完附加页来的！别看巨人！！！！！！！！,2021/11/28 9:33,1
1,牛批,2020/12/21 16:20,0
1,看完我直接讨厌艾伦,2020/12/30 15:06,1
2,节奏还是太慢，一季没搞定一个BOSS,2018/6/12 21:56,0
1,叙事方面比第一季差太多，节奏混乱，毫无代入感。,2020/2/11 2:34,0
1,无聊，浪费时间,2022/1/31 23:29,1
2,"第二季这前几集太扯了，没有第一季那么精彩，巨人进来了大家都以为是罗塞墙破裂了，着急忙慌去调查，发现罗塞墙没有裂缝，相当于巨人是从天而降，不把这关键消息回报，还在那里搜，然后分队长还想着带巨人艾伦去堵墙。这信息差多关键？
还有命令那一期学员在城堡里穿便服执勤，无形中削弱了多少战斗力，刻意水时长是吧，第一季没什么问题，往后开始逻辑、强行降智",2025/2/3 17:04,0
2,我能很负责任地说第二季整体表现较第一季的差，第一季是凭借一流的配乐和紧凑的剧情以及全程在线的制作撑起作品，关键的大胆，血腥又黑暗的风格使得作品本身打出当头鸟。第二季却把头缩了回去，首先铠巨和超巨不合理地突然自爆，其次最后百合cp以及众伙伴大道理现场的台词处理非常糟糕，以及毫无征兆发生在墙内的巨人没有铺垫更没有解释，唯一看点还是巨人间的打斗，制作在线。男主艾伦的塑造不讨喜，智商基本下线，我没能看到他的一丝成长。对稍有戏份的次要配角和酱油角色的塑造相当一部分都可以，但却基本充当血浆工具人，如看艾伦长大的汉尼斯，不仅智商下线而且在第二季里是彻底的为艾伦抛出新外挂的工具人；主要配角又有鲜有突出，有点舍本逐末。另外莎莉支线基本可以忽略不计。6.2/10,2020/12/26 2:46,1
1,警惕小鬼子,2020/8/29 23:21,0
1,警惕曰本动漫中的右翼思想,2023/3/20 6:52,0
2,可能是我的审美不同吧,2020/12/21 22:15,1
1,我就不该看。,2021/3/6 9:28,0
1,噱头加噱头拼凑出来的动画，剧情全都经不起推敲,2017/5/22 3:12,0
1,全是倒序+用信息差凑剧情+恶心人的疯狗观众的道德绑架，给一星都是抬举了，就这样吧,2020/12/30 10:40,0
1,呵呵,2021/4/9 18:02,1
1,帮你走下神坛,2017/8/29 3:55,0
2,？？吐槽点太多 为什么加那么多阴影 为什么说那么多废话 为什么拖那么多剧情 就是为了给第三季铺垫吗？？？,2017/6/20 4:22,0
1,比第一季差很多,2018/1/16 3:55,0
1,年纪大了，实在欣赏不了这种脑残的剧情设定。,2017/4/12 10:57,0
2,@2017-05-23 13:47:48 @2023-05-29 15:50:51,2024/2/25 13:17,0
1,辣鸡！,2019/8/5 1:07,0
1,右翼动画，给爷爬,2021/4/17 16:07,0
1,太血腥了，看不来,2023/8/16 9:03,0
1,垃圾,2021/4/8 10:31,0
1,无聊,2023/7/11 10:27,0
1,进击的小学生?,2021/1/30 10:50,1
2,"上一季挖了好多坑都没填上，又新开了一堆坑。蕾丝之间的感情描写也太苍白了吧。莫名其妙就开挂、开新技能，然后还不给个解释。而且这一季的常识卡内容有点水。
人物的行为逻辑和情感都没了？亲爱的大叔都死了，三笠居然在这时候还发表感人“表白”？！
总而言之，已经没有第一季带来的震撼感觉了。日系男主老是很激动，看上去很燃，但光靠吼叫、哭喊、大笑就能解决问题吗？为啥要给现在的青少年灌输“我颓我丧但我吼一嗓子就能开挂逆袭”的错误观念呢？",2024/10/21 11:43,1
1,文化垃圾,2021/2/12 6:39,0
1,军国主义动画,2023/2/2 3:15,0
1,。,2021/4/9 14:02,0
2,剧情太水太拖沓，开始说到结尾也没讲明白，和第一季差太多了，想要加剧集也不能这样来啊,2017/6/20 14:29,0
2,"二点五星！全给音乐，剧情还有实打实的那每一帧都可以当做壁纸的画面。
两季了，贯穿始终的士兵，调查兵团，你们是奔着拯救人类还是保护团长去的？说到底我不是很喜欢这位团长，由始到终我只看到你身上有那种为人类献出心脏的信仰，而你并没有贯彻你的部下。同样是受伤，为什么李团长的部下勇的一批边救团长边杀敌，而你的部下为什么你一受伤边给人杀边向你求救。反而是士官长首当其冲充当了所谓的信念。是李团长屡战屡胜，艾尔文团长屡战屡败的原因吗？不见得吧，究其原因到底是你抱着必死的觉悟还是你的团？完全没有看出来艾尔文团长在战场上的作用。在现场，士兵怕死。被扣押，士兵怕死。巨人艾伦加入，士兵怕死。所以，艾尔文团长，你那‘意大利炮’在哪？甚至战场上的作用还不如赵政委……",2020/2/13 20:42,1
1,这评分也太高了，虽然很好看，但捧得太高了！,2017/5/8 5:23,0
2,节奏感太慢，剧情拖沓，制作质量严重缩水，战斗画面还不如隔壁英雄学院30秒的战斗。角色对话越来越脑残，大家都跟集体石乐志一样。,2017/6/12 9:28,0
2,瞎编也是要有限度的，我能从第二季里看到谏山创满满的恶意，还是等第三季吧。,2017/8/10 9:22,0
2,怎么说呢？，目前看了六集，剧情有些乱。并且凯之巨人的自我曝光等等点来的太突然，画面用了很多省时省钱的套路。也不知道是不是资金不足还是别的原因。但莫名的感觉到神作要烂尾了。,2017/5/7 10:40,0
2,男主一副不管不顾乱杀乱吼一气，不管那是拯救过他的队友，歇斯底里的喊叛徒要杀了他，一派正义的反复吼要把巨人都杀光，简直了，这病态。打斗场面不精彩，画面较差；节奏好，故事设定还有特色,2017/6/20 16:17,0
1,越看越恶心 纯狗💩,2024/4/17 4:34,0
1,真是傻逼jsc,2021/4/8 22:36,0
1,我他妈吸瘪！！,2021/3/16 14:38,0
1,垃圾,2018/7/13 12:16,0
1,当年对他有多期待现在就觉得有多失望,2020/12/23 10:01,0
1,进击的马莱绿卡，自由的jsc,2021/4/9 17:25,0
2,简直不敢相信有这么高得分。。。作为一个没看漫画的人，谁能告诉我你们真不觉得这剧情拖沓么？！12集基本什么都没说就过去了。,2018/6/20 2:39,1
1,辣鸡玩意儿，重复的剧情套路。,2018/9/9 22:11,1
1,很差，卖惨，恶心,2019/8/20 20:30,0
1,差,2019/10/21 13:13,0
1,"第三季里指出了外面的世界，从而展现出了墙内世界，一个似乎中国和日本的地图。
表现出外面世界的恶意，给墙内带来的不自由。
巨人暗指他们虽然不自由，但是他们有一个巨人的骨髓。",2020/1/3 22:06,0
1,垃圾玩意,2021/2/7 17:58,0
2,@2017-05-23 13:47:48,2023/5/29 15:50,0
1,烂尾,2023/4/2 23:11,0
2,期待了那么久，感觉剧情拖拉，看到一半看不下去了。导致后面的都没看。,2021/5/5 17:02,0
1,"这一季什么玩意，看的这个憋屈磨叽莫名其妙，也不热血，第一季死了那么多人，第二季还在讨论有的人该杀有的人不该杀？！
就这也值9.5分？！",2021/7/9 23:05,0
1,第二季还是很恶心，看不下去,2022/3/5 13:29,0
1,脑残阿尔敏，智障男主,2025/1/11 12:48,0
2,过渡的那一季永远是最难熬的一季,2018/11/30 22:50,0
1,别问 问就是我不喜欢,2020/12/23 10:10,0
1,不值得,2021/5/7 11:40,0
1,谏山创不行啊,2021/4/10 22:10,0
1,三观不正 任何精彩的剧情和细节都不该这么高的分,2021/4/12 17:01,0
1,什么烂片,2021/4/12 9:25,0
1,剧情拖泥带水。20一个小时就可以看完全集。真不明白高分怎么来的？现在都是无脑二次猿？,2022/8/12 23:44,0
1,一星给画面，主角塑造得太失败了，看的人能气死，只会大吼大叫，鸟用没有，还搭了那么多条人命，真的服气！后半截我说的最多的就一句话，md这个b什么时候死啊求求他快死好吗？？？,2020/2/5 4:05,1
1,我想说，评论区的都不知道自己在评论些什么，什么隐喻都是扯淡，过度解读。第二季就是垃圾，主角无脑就知道大吼。每个路人都在回忆，剧情凌乱，埋下无数悬念，然鹅每个人都瞪大双眼，一脸吃惊，就是不告诉你怎么回事～～,2018/2/17 12:55,0
2,出了宏大的战斗场面基本乏善可陈。在这种集数不多的动画里面最忌讳一群人物的出现，会叫人很难理解，甚至都的人我还没弄懂他的性格，就已经死了！如果和谐掉出血画面彻彻底底奥特曼似的子供番,2018/1/7 15:04,0
1,cjb,2020/9/25 8:34,0
1,"有钱真的就一定能做好动画吗？
血腥真的就是内涵丰厚吗？
喜欢的人多真的就意味着好吗？
销量比较多难道不是厨子极端喜欢刷吗？
战斗看上去好像比较惨烈和做好了战斗两者能等价吗？
画风那么丑居然可以塑造出优秀的角色吗？",2017/9/23 18:52,0
1,粉丝是吧？,2021/1/11 17:24,0
1,烂片,2018/7/9 2:55,1
1,我是傻逼,2021/1/17 17:15,0
1,呵呵,2021/7/28 12:57,0
1,🤮,2021/4/12 20:27,0
1,恶心，真他妈恶心,2020/12/26 19:53,0
1,分太高了，我觉得不如斗罗，平衡一下分,2021/5/20 18:07,0
1,除了三笠其他真的都没啥看的。,2021/2/25 14:36,0
1,“你”猜，这个高喊着“前人犯罪和我们无关”，恨不得从全人类的记忆中扣掉那段罪恶历史的族群，一旦手里掌握了“按钮”，会不会毫不犹豫的把核弹丢在“你”头上？,2023/11/24 14:57,0
2,老tm的闪回，就不能一个正常剧情讲完？都得用猜的。这感觉好像今晚说好了要吃大餐，结果就上了碗米饭。还是喜欢猎人，故事都会写，但是怎么讲是真的重要。,2019/7/6 2:59,1
2,真不好看。,2018/6/21 9:21,0
1,傻逼,2021/9/24 20:53,0
1,孝子不少。,2021/8/13 11:17,0
1,一个139毁了全部,2021/5/8 15:55,0
1,不好,2022/8/6 22:35,0
1,男主纯傻逼，什么都不懂的情况下报仇很正常，还被畒迷的晕了头，就这还搞热血？要不是有主角光环都死了无数次了。光有热血就能成功的话老子都烧开了。,2020/12/15 19:57,0
1,日本动漫从来没有带给我惊喜,2024/2/10 18:34,0
